Sequence,label
QQDYGTGWFDF,0
GFKKLLKGAAKALVKTVLF,1
VTFVEGGPMKYSLIEGDALANK,0
AKKVFKRLGIGAVLKVLKKG,1
MADQLTEEQIAEF,0
CRCEQTCGTCVPCC,0
NFDEIDRSSFGFA,0
SSGGGDGSGMWFGPRL,0
TKTEGSFLAEGGGVR,0
VIGSILGVIAKGLPTLISWIKNR,0
ALPCPYGCPLRCCHMTDGVCLRNKQGC,0
FPLTWPTKWWKG,1
PNDMLSQRYHFGL,0
GFLDVIKHVGKAALGVVTHLINQ,1
GKKKKSVQWCA,1
IKKIWSKIKKLWK,1
QVIAITGSASGIGAA,0
SGTSPLLPAITFILD,0
HPPCCMYGRCRRYPGCSSASCCQG,0
LRAAHRLAIGRR,1
LSDYDEEEDERAKATLDAR,0
AILELPQSPNVFHPEKPSAVG,0
SELTVEDVEPLNNADKNKVVII,0
MCMLSWFISTSPLKEYCGGKRNLQRNNF,0
GIVDFAKKVVGGIRNALGI,0
MFAGLPSLSHEQQQKAVERI,0
GSKKPVPIIYANRRTGKAQRM,1
MSKGYVWVVDDDSSIRWVMEKTSPLPT,0
GWGSFFKKAAAVGKAVGKAALTAYL,1
ELVSNASDALDKLR,0
WNETSDKDLYTDSR,0
PAVFKIASKVVPSVYCKVSR,1
AAWKWAWAKKWAKAKKWAKAA,0
RRRRRRRGHRGRRGRGGRRSRGRRRRAA,0
MDFIIDIIKKIVGLFTGK,0
AGKLEGKVLVTGAPSGIGK,0
RPEEIGAGDQGHMFG,0
SATAAREEYQRKRSQFIEIG,0
VTVYDAEGTKVQVDGSLRLVE,0
HSQGTFTSDYSKYLDTRRAQDFVQWLMST,0
KKCKFFCKVKKKIKSIGFQIPIVSIPFK,1
VDNMVPEKQKLFQANGIPVHLF,0
GVLDILKNAAKNILAHAAEQI,0
FLPVILPVIGKLLNGILGK,1
FAGAAFKALSKLL,1
KSRQWQWKIRRTWPIFSIRR,1
GILGKLWEGFKSIV,1
KILRGVSKKIMRRISKDILTGKK,1
KIGAKIKWGAKIKIGAKI,1
SSGAHGEEGSARMKALTYF,0
KWCRCVCRRGICRCRCRK,1
KIKLFKKWPKFLHLAKKF,1
GLPCGESCVFIPCITTVVGCSCKNKVCYND,0
MNRISTTTITTITITTGNGAG,0
MEFGNLTNLDVA,0
KLLKLLLKLWLKLLKLLL,1
AVNIPFKVKFRCKAAFC,0
FEVLPNFKHIQVKVFNHGEHIHHH,1
MRKYEIMYIIRPDMD,0
KRRHWFPLSFQEFLEQLRRFRDQLPFP,1
MESIEQRVKKIVAEQLGVAEAEIKA,0
RFRRLRPKTRPRLKKI,1
DQGTACTGEHAHSFCLNGGTCRHIQQLGE,0
GLMDTIKGVAKTVAASWLDKLKCKITGC,1
STAGDTHLGGEDF,0
MASRGALRRCLSPGLPRLLHLSRGLA,0
AKAWGIPPHVIPQIVPVRIRPLCGNV,1
GRREDDYDNLQL,0
KWKSFIKKLTSKFLHSADKF,1
GRSLVFPEETANSFVELFPAKELSL,0
VEIIANDQGNR,0
KESSFDIVSKVDLSEVANAIN,0
SVFDEYLEKSKANK,0
FMPILSCSRFKRC,1
DKNKKPIRVGGRRPPGFTPFR,0
GAKYAKIIYNYLKKIANALW,1
KISKKIMRTFLRRISKDILTGKK,1
AIPCGESCVWIPCISAAIGCSCKNKVCYR,0
GVVDSAIDAETR,0
HSDGLFTSEYSKMRGNAQVQKFIQNLM,0
SEDETRLVKNLFSGYNKVVRPVNH,0
MAILTLGWVSLLVVFTWSIAMVVWGRNGL,0
ATNIPFKVHFRCKAAFC,1
FFLLPIPNDVKCKVLGICKS,1
VKRWKKWRWKWKKWV,1
FFGHLYRGITSVVKHVHGLLSG,1
MWGLNRWLTFTMLILLITSHCCYWNKR,0
ALVYAGIKKTAFLKVQKCDG,1
LSLQEFLGLWR,0
RFRRLFRIRVRVLKKI,1
VIGGDECNINEHRSLVAIFDS,0
DPPDPDRFYGMM,0
QPNPNEFFGLM,0
IKQLLHFFQRFGGGFIKHFIHRF,1
GCRRLCWRQRCVTWCRGR,1
LSAVGKIASKVVPSVIGAFK,1
VELQNRLSDESQ,0
GCCDYDWCDEFCYCCE,0
HKQGDFVLRVGAASVVPNDS,0
RLVLEVASVEADV,0
MKLIAKTRILNTLVFSAAGK,0
NLIQLSNMIKCAIPGSRPLFQYTDYGCY,0
LTNKTARFLVNGTSIPEVDFDVGE,0
GLTDQKSAPPGL,0
FLPKLFAKITKKNMAHIR,1
RNGLPVCGETCVGGTCNTPGCTCSWPVCT,0
IGKLFKRIVQRILKFLRNL,1
KYLNFAKWLKGANLAKYANA,1
RHYCGGALIHARFVMTAASS,0
FLGVVVKLASKVFPAVFGKV,1
DVAGLVPAKDSPAFQKRAAAAVNTTAD,0
MIKSELVQIVAARNPHLYHRDVENIVNAFL,0
ASEDTAEAAAPSA,0
GLFLDTLKGLAGKLLQGLKCIKAGCKP,1
TRSRWRRFIRGAGRFARRYGWRIA,1
TPDHREVPSFSSRWEPNFGLTFSK,0
GLFTFIKCAYKLRAPAVAC,0
GFLGPLLKLGLKGVAKVLPHLIPSRQQ,1
IKITTMLAKLGKVLAHV,0
GLARALTRLLRQLTRQLTRA,1
MLILTLLRHWHVRTKSER,0
EGGGNRGDPSGVC,0
EEVQETVNLKYEYSVYR,0
TQTVYEWCDDATQLLAAYILL,0
ECRRLWYKGRWVTYCRGR,1
MASRAAGLAARLARLALRAL,1
LSLHEYMSMELLQEAGVSIP,0
ASAAGAVRAGDDETLLNPVLNSLDNLVSGL,0
ILGKIWKPIKKLF,1
MAGASAKVVAMLLSLQGPSLRMVSESG,0
SDPEVPGMWFGPRL,0
ALWHHLLHHLLHSAHHLG,1
SDPSVPLRPEEDELIDQ,0
FLAKKVAKTVAKQAAKQGAKYIANKQTE,0
AKSDVAELKPR,0
RLLKRFKHLFK,1
MDIISLGWAGLMTMFTFSLALVVWARNGF,0
EQEENVVKIQAFWKGYKQRKEYM,1
GIGGALLNVGKVALKGLAKGLAEHFAN,1
FLGKVFKLASKVFGAVFGKV,1
SYGWAEGDTTDNEYLRF,0
FIHHIIGALGHLF,1
LNWGAIKKHIIK,1
NSELINSLLSLPKNMNNA,0
FLFSLIPHAIGGLISAFK,1
GMWSKILGKLIR,1
NYDKPPVEKPPVYKPPVEKPPVYKP,0
RSNKGFNFMVDMIQALSK,1
GLLRKWGKKWKEFLRRVWK,1
GGHGLLKRIKTLL,1
SQPQSETDYSQLSGEWNTIYGAASNIK,0
FNAGGHINHSLFWQNLAPASSNEAK,0
IISPPVCGNELLEEGEECDCGTPEN,0
METTNESLGYTDQIIGPVLD,0
APDFSTLELIPDKLKEFGNTLEEKARMA,0
MMLFITVYDINRKQKKRYGLHG,0
VVQTLDRGIYGDQGSIGPIGLQGDRDAD,0
CTRPNYNKRKRIHIG,1
KRKSGSGSKRK,1
GLMDTVKNVAKNLAGHMLDKLKCKITGC,1
AELPQGLWVRPRLG,0
GYPICGESCVGGICNIPGCSCSWPVCTTN,1
STDTQYFGPGTRLTVL,0
AIKVFHIVAETGIHARPAT,0
SFRNGVGTGMKKTSFQRAKS,0
INWKAILGKIGKAAAAVI,0
RWWKIWVIRWWR,1
GIKCRFCCGCCTPGICGVCCRF,1
VQLRIRVAVIRA,1
RVVRPVVQVVKQKVR,1
ISDFDEYEPLNDADNNEVLDF,0
VDWKKIGQHILSVL,0
MAKEKIRIRLKAYDHR,0
LVLPEVYDQDGHPLRIGQRYIINNP,0
RRWYRWWRRRWYRWWR,1
TIVIIGGGPGGYEAA,0
PVKVYPNGAEDESAQAFPLEF,0
GVGKFLHSAKKFGQALVSEIMKS,1
KWLNALLKKGLNCAKGVLA,1
RLLRLLRRLLRLLR,1
FMPIIGRLMSGSL,1
EVLYIPVTTDA,0
VPPAVWNSNYNS,0
SHGKVETDEEFDARWVTYFS,0
GAGEALNAKRQQDVNHLLDLIYDHLHY,0
ITCPQVTQSLAPCVPYLISG,0
IGDLVKWIIDTVNKFTKK,0
PSKRLLHNNLRR,0
VRLRIRVAVIRK,1
KTNVTLSKKRKRRFLGF,0
FLPVLAGVLSRA,1
IWNKIAKSIGKVLEKAL,1
QAPWPDTISPP,0
MSKVIETKQQVVTEIADKLRA,0
KKWRKLLKKLKKLL,1
GRRPMKLNKTP,0
VRRFPWWWAFLRR,1
IVSYPDDAGEHAHKMG,0
FRLSPAARNILEKHSLDASQGTATGPR,0
MTIDKNWLNRSNKDPGRSLRFTHQPV,0
FFGKVLKLIRKIF,1
APQERGPPEIPP,0
DGVCSNRRQCNKEVCGSSYDVAIVGA,1
AGTYPPVVATLRTH,0
NRQPSKYGLEETI,0
CCQAACSPWLCLPCC,0
ASGENQAELKLATHNVYML,0
SPVDAFSPPEASLTGGQSLS,0
AAHCIALRKGYK,1
FVQWFSKFLLRIL,1
LYAAIIKKLLES,1
DSVGSTTAHKQQNINHLLDK,0
AAGWGLRRLLKYGKRS,1
KKVWFIFHVCPKLKQRIL,1
GLFAVIKHVASVIGGL,1
EEEAAGRKRKKRT,0
WWKRWKRIRRIFMMV,1
IVGGYECEAYSKPYQVSINLGY,0
SRSELIVHQRRC,1
NIENSTLATPLS,0
SINNTGGSGNRRLDKNGFAGQ,0
YFDPFSLDVWDPFQA,0
KLVEQLKEIFR,1
GLTFLKKILNFAKKIYTAIW,1
HADGIFTTVYSHLLAKLAVKRYLHSLI,0
FIGALLGPLLNLLK,1
DSLSFSYNNFEEDD,0
GLLGFVGSLLGGLGI,0
KIPCGESCVWIPCVTSIFNCKCENKVCYHD,0
FVPIFTHSELQKIREKERNKGQ,0
DDECEPPGDFCGFFKIGPPCCSGWCFLWCA,0
IPLDPVAGYKEPA,0
DDDDDDHTIEHFETF,0
IGTQIVNMKSIKNIQKITKAMKMV,0
AEILFGDVRPPWMPPPIFPEMP,0
QQDYTGSHMDF,0
FKCWRWQWRWKKLGAPS,1
GLFDVIKKVLKKIGGL,1
FLPLLLSALPSFLCLVFKKC,1
SAKDVKFGDSARSMMIAGVNVIAD,0
GRRPRPRPRPFFFFF,1
VPYPQRDMPIQAFL,1
MYEVIVVVYAAQI,0
FLWWLFKWAWK,1
GLFSKFAGKGIKNFLNKGVKHIGKE,1
RLHQNGMPFSPRL,0
DVPKSDQFVGLM,0
KKLIKVFAKGFKKAKKLFKGIG,1
LCYCRRRRCVCV,0
PAKQVAFAEHAREKMLRGVNVLA,0
SFFEQNKIVYVARNAKD,0
KHFGKDSNFPFGT,0
YPYDVPDYASL,0
ALVPLRLLLDHAAENG,0
YDIPEPFRWDESFKVFYE,0
FFHHIFRPIVHVPKTIHRLVTG,1
SGGGNVIMNQMNKRNHAKD,0
MGQLNVLTGSKGEIR,0
DYENSSLWGELEEL,0
DRVYIHPFHLLWG,0
GTKRGKLCRISRLAL,1
FLPAIIGMAAKVLPAFLCKITKKC,1
GIGGVLLGAGKATLKGLAKVLAEKYAN,1
ILGAILPLVSGLLSNKL,1
FVQWFSRFLGRIL,1
GLVGTLLGHIGKAILG,1
FFRHIKSFWKGAKAIFRGARQG,1
FASGIAGMAGKLF,1
LFRLIKSLIKRLVSAFK,1
MARHRNWPLVMV,0
RWRWRWFPSGSPRWRWRWF,1
GMWKKILGHLIR,1
GCIATGSFCTLSKGCCTKNCGWNFACN,0
KKLFKKIKKFL,1
LIIFRILISHK,0
RRRLCPIVIRVCRR,1
LHSNLEYQYRYSGRVASGIP,0
NAETDLDDPLRNIKLSSESALTYLY,0
LLGIPKVMNDA,0
GGGSSGETNGMWFGPRL,0
KFLSGGFKEIVCHRYCAKGIAKEFCNCPD,0
SCSGRDSRCPPVCCMGLMCSRGKCVSIYGE,0
ATHLLHALQRF,1
SSMFVWNTKLILKTCGTL,0
ADLEVVAATFVLVA,0
RHFCGGALIHARFVMTAAKC,0
MSVSCWEFNAG,0
VARGWKRKCPLFGKGG,1
HSEGTFTSDYSKYLDNRRAKDFVQWLMNT,0
ASNLATGGAGPLIKGTGGRSS,0
KNWKGIAGMAKKLLGKNWKLM,1
IDWLKLGKMVIDAL,1
SPCTCSTCNCAGACNSCSCTSCSH,0
DEGGTQYTPRL,0
KKAAACAAAAACAAWAACAAAKKKK,1
QSHISLCRWCCNCCKANKGCGFCCKF,1
GLPVCGETCVTGSCYTPGCTCSWPVCTRN,0
RQLNPSSQELQSPQQSYLQQPYPQNPYL,0
FVQWFSKFLGKIL,1
YKGANKKGLSKGCFGLKLDRIGSMSGLGC,0
MLADVFEKIMGD,0
RALHEAKEALK,1
TKCFQWQRNMRKVRGPPVSCIKRDS,1
CVISAGWNHKIRCKLTGNC,1
VNWKKLLGKLLKVVK,1
ANLDAIIKIQAWARMWAARRQYL,1
LRILRRLLRRLF,1
FKKLKKLFKKILKLK,1
TAALRLGIKLTQHYFGLLTAFGSNFGTIG,0
ARRRRRSSRPQRRRRRRRHGRRRRGRR,0
TVTPEQDRYLQVKKY,0
ISGPVLGLVGNALGGLIKKI,1
GPPKVAPGKISASFGGEWL,0
VCRTGRSRWRDVCRNFMRRYQSR,1
IANVFAVDIHPAAR,0
YKLFKKILKVL,1
QKIQEIDLQTYLQPQ,0
RKLPDAPGMHTWGGGGINTLQKYYCRVRG,1
PIFTFASNVPADTITGFFL,0
LCYTFRGRFVCV,0
QTLLQELPIPP,0
KFGKVLKFLAKTLAKHLAKKQAQS,0
APKAMRLLRRLLRRLLR,1
LLIILKKKWKKQAKAKSK,1
GLPVCGETCTLGKCYTAGCSCSWPVCYRN,0
FIPLIGSVLSQLL,0
APACVGFQGMR,0
MSDINAIRAPILMLAILPCVGDDIEVLR,0
RILRGVSRRIMRRILTGRR,1
SKCYQWQRRMRKLGAPSITCIRRTS,1
KWKKFKKIGAVLKVL,1
KWKSFKKKLTSKFLHSAKKF,1
MGRIGVLTGNAGEIR,0
LNWGAALKHAAK,1
GILDIAKKLVGGIRNVLGI,0
KQWRIRVCVIRA,1
MGQGAVEGQLFYNVQ,0
MALPSALWWPG,0
INWKKGKEVLKAL,1
RLSKKPGKVKE,0
VKKFPWWWPFLKK,1
ALSVLLQSCTMCLFCCYL,0
FDLLGLVKKVASAL,1
KKWRWWLKALAKKLL,1
KKLFKKILKYLGIGAVLKVLTTGLKDEL,1
HEDNAGIAVYWGQDAREGDLVTACN,0
GFRMNSSNRVAHGF,0
GLVDVLGKVGGLIKKLLP,1
RRIRPRPPRLPRPRPRPLPFPRPG,1
CEYQAGHNKVGSLQY,0
KKTWWKTWWTKWKK,1
GVVVRVGRVVVRWVRRRR,1
LKGIPTDEEQATGLEEYA,0
WNSLKIDNLDV,0
HTCHIRRRPKFRKFKLYHEGKFWCPG,1
GCCGSYPNAACHPCSCKDRPSYCGQ,0
GIKEFAHSLGKFGKAFVGGILNQ,0
GVGSFIHKVVSAIKNVA,0
LKLKSIVSWAKAVL,1
GFKRIVQRIKDFLANLV,1
MSFSKFHCGKLMSLKLADLRTMFEALEK,0
DPAFRLPTTTRPRHYQAAIPDFSAGA,0
FHFHLHFSATFIKHFIHRF,1
GLMNTLKGAATNAAVTLLDKIQCKLTGTC,0
CKLLKTFLSKWIC,1
VAIALKAAHYHTHKE,1
MDTQGFSCLLLLISEIDLSVKRRI,0
AVITGACERDVQCGGGTCCAVSLI,0
ILGTILPLLKGL,1
AVLDTALSGIDKVLHGSIDAHKAD,0
HPIQNLFQPSLVLDM,0
GCCADPSCSILMPYFCI,0
GSSGIIPFPRV,0
FAKLLAKALKKLL,1
RKLILKRKRILIKR,1
SEQPDVDDYLRDVVLQSEEPLY,0
ALTEQASKVALTADL,0
IVGGMEATPHSWPHQVA,0
MNLIIILVWHSMKHSKGYVLEAQDDELSR,0
MRSYEMNIETAEELSAVNDILASIGEPPVS,0
RRLDRGGVWNLNVNPGTTGARVWARTK,1
RAVAVIIRLRRV,1
GILDTIKNAAKTVAVGLLEKIKCKMTGC,1
DRCSQQCQHHRDPDRKQQCMRECRRH,1
FLWALFKVASK,1
GKFGKCKPSIATCQ,0
KLGFENFLVKALKTVMHVPTSPLL,1
GLFDIIKKIAESFKFSEAIKKIIDFLG,1
MTQRPWSKLQRKTHNIAALKIIARRSE,0
KLAGLKAKWAGLKAKLAGLKA,1
RKRKLILILIKRKR,1
NLQYLKNMIKCTNTRHWLSFTNYGCYCG,0
GIIKVIKSLIEQFTGK,1
GLGDILGLLGL,0
GVGDLIRKAVAAIKNIV,0
GRWKRWRKKWKKLWKKLS,1
LHAHKLRVDPVNFKLLSHSLLVTL,1
AKQSMDGNTAAA,0
MTTRGFSCLLLLIREIDLSAKRRI,0
FFGWLIKPAIHAGKAIHGLIHRRRH,1
MMFDSLLSTITGGGVSHSFSIAMVY,0
ILELAGNAARDNKKTRIIPRHLQL,1
INLKAIAALARNY,1
MAYRGFKTSRVVKHRVRRRWFNHRRRYR,0
MDFNISGIGNVS,0
ACHAHCQSVGRRGGYCGNFRMTCYCY,1
AAPRGGKGFFCKLFKDC,1
LPVVFRVASKVFPALISKLT,1
MSHIVRFTGLLLLNAFIVRGRPVGGIQH,0
MKRQDLPRSRSLRSCE,0
RSVESSGSSSSEPLSFLSQDQSVS,0
NGRCCHPACGKYFSC,0
AKCLRWQWEMRKVGG,1
GIGKFLHKVGSFIKSWKGEIMNS,1
KGFMTPERAAEFNFR,0
RGGRLYRRRFVVGR,1
GKLNLFLSRLEILKLFVGAL,1
LWRLLRRGGRWILAIPRRIRQGLELTL,0
FLPLIGRVASGIL,1
FFPIILGLVPKLVCLITKKC,0
MTKKAVVVLWGISQVEGVVNLLQE,0
GIGAILKVLSTGLPALISWIKRKRQE,0
KLLKKLLKWLK,1
FLPLFLPKIICEITKKC,1
RFRIRCRWNVGSDTSLIDTC,0
ALVLIAFAQVLQQCP,0
YGEPIGVETLTK,0
GRRRRSVQWCAVSQPEATKCFQW,0
DDDEVVAATYVLVA,0
GWTLNSAGYLLGPHAVDNHRSFNDKHGFT,0
RGSLTIHPLRNIRDFFYVG,0
ADDRNPLEECFRETDYEEFLEIAKNGLSTT,0
FINTIKLLIEKYREWKNKQSS,0
DEPKPDQFVGLM,0
KLALKLALKAWKLALKAA,1
KLKAGLAKWKAGLAKLKAGLA,1
KIAEKFSGNRR,0
RNRRWCIDQQA,0
AQNVIAPNTLSNSIRMLGSQSPLIQAYG,0
TTAIEPFISLGDK,0
ILRWKWRWWRWRR,1
WRKWRKRWWWRKWRKRWW,1
QTPQWATGHFM,0
KAACAAHCLWR,1
TQAGSQNPNDLSPGP,0
VIVKAIATLASKLL,1
SLEDIEHEVEELLR,0
RGGLCYCRGRFCVCVGR,1
FLSLIPHAIKAVGVHAKHF,1
CGGYSGGWKRKRSTSYRCG,1
GWGRFFKKWWRVGKRVGK,1
LLKALKKLLKKLL,1
GYKYINNIIKYINKFFKYIW,1
GTGITEEFEEVPVQSRGFGILDVGYR,0
ILGKIWEGIKSLF,1
AIFTIRNNQQTVAGAVPVGGGQLDGQTTLD,0
SGETSGEGNGMWFGPRL,0
AKKVFKRLEKSFSKIQNDK,1
GMASTAGSVLGKLAKTAIGIL,0
EDDLEDFNPTIA,0
WGEAFSAGVHRLANGGNG,1
FLPIIASLLSKLL,1
NCIQQCVSKGAQGGYCTNEKCTCY,1
GRPNPVNNKPTSHPRPIRV,1
FLGALLGPLMNLLQ,1
SGGEMSNMGHSMEE,0
VIGGDEDINEHRSLALMYSWSHRFIGLI,0
GFGSLLGKALKAGLKLGANLLGGAPQQ,0
GLFDIVKKVVGAIGSL,1
FLSLIPGAISAIASLFK,0
FSQAQGKVDMPLPRQRTSSRSSERWAPKS,0
LQPKLEYQYKYHGIVALGIPSYKTQFYDAH,0
RGDKDIFTVHDILKARGEI,0
KFASKGLGKDLAKLGVDLVACKISKQC,1
NFKQIIKMIQCTNTRPWNFLDYGCY,0
FLGALIKGAIHGGRFIHGMIQNHH,1
AGPVSKLVSGIGL,0
VTPDGKNTATNA,0
INMKASAAVAKKLL,1
GLLGPLLKIAKKVGSNLL,1
FLGALAKALSKLL,1
RRPWRWPWWPWRR,1
GCCSNPPCYANNQAYCN,0
APSQSTVTALLTSCVSYIDDQ,0
KIAKVALKALKIAKGALKAL,1
MGALFKAALKAAGGGAAGGATYGGLKHFFG,1
TISQPEWFKARRWQWRMKKLGA,1
GFLDVLKGVGKAALGAVTHHINNLVNQQ,0
GMATAAGTTLGKLAKFVIGAV,1
HLGVVGLGGLGHVAVQEAIENLADEFLI,0
VVFRVASKVFPAVYCTVSKK,1
DCPSDWSNHEGHCYRVFNEWMNWAD,0
GIGSLLAKAAKLGANLL,1
EDSLSDWERVYLPIDPGVVL,0
FLGKVFKGASKVVPAVFGKV,1
IVGGTEVTPGEIPYQLSLQD,0
PEEMNKYLTALRHYINLVTRQRY,1
FLGKLFKVASK,1
MDILTLGWVSVLTLFTYSIAMVVWGRHGM,0
MDIINIAWAALMVIFTFSLSLVVWGRSGL,0
FYAGLILTLVNTFPYNISPASS,0
KRKLTLVFGVMAGVIGTKKR,1
MFSLSNSQYTCQDYISDHIWKTSSH,0
CGGYSGGWHRLRSTSYRCG,1
MNNTEFYDRLGVSKDASQDEIKKA,0
KWKSFIKKLTSAAKKVTTAAKPLTK,1
KDFCHLPPKPGPCRAAI,0
MDSLTQKLTVLIAVLELLVALLRLIDLLK,0
SAVGRHLRRFLLRKHRKH,1
GFSPNLPGKGLRIS,1
PMLRVRLASHLRKLRKRLLR,1
MNRIGMITTIITTTITTGNGAG,0
MKRIGVLTSGGDSPGMNAAIRAVVR,0
FLSLIPKIAGGIAALAKHL,1
MKFNNAGAQGRDRGYIYSEPEFGRTRQVFY,0
FLPIALKALGSIFPKIL,1
LCYTRRRFTVCV,1
GWTNLSAGYLLGPHAVDNHRSLNDKHGLA,0
FLKWLFKWAKK,1
FHFFHHFFHFFHHF,0
MITPIIAGNKLVNTISEE,0
FLGGLMKIIPAAFCAVTKKC,1
MANIKSAIKRAKTSEK,0
KLPLLPWLPKK,1
NIAGNWSCTSDLPSSWGYMN,0
DVVASSTAHKQQDINHLLDK,0
VCTRNGLPVCGETCVGGTCNTPGCTCS,0
CWTASIPPRPC,1
MKRSYKTLPTYFFSFFGPFKERAVFLLVL,0
VVSCADILTLAAR,0
KKIEEEAAAAGATAE,0
GILKSLLKKLKKIIAK,1
GLASTIGSLLGKFAKGGAQAFLQPK,1
MKLLCWEKSIHGS,0
GGGGGSGETSGMWFGPRL,0
WCPPMIPLCSRF,1
SNDVSWHEWKRMYNKEYNGA,0
GCREGGEFCGTLYEERCCSGWCFFVCV,0
AIEVQTVTLIPGD,0
GILSSWLKKLKKIIAK,1
FLPLLAGLAANFLPTIICKIARKC,1
STVKVASKLAVVVSPISKGS,1
SVSVGMKPSPRP,0
GRKSAKKIGKRAKRI,1
MDIVNIAWAALMVVSTFSLTLVVWGRSGL,0
MFKPGYSEAKKPKITDEFSYKQT,0
ETDLLLDDSLVSLFGNRR,0
ILGKIAEGIKSLF,1
KQFTKCELSQVLKDMDGYGGIALP,0
GAKERNNAEAVRERLEEI,0
NSTMNSLLQLGR,0
NSKPPEALILVKSQ,0
ADDSDPVGGEFLAEGGGVR,0
STRTPEFLGLDNQCGVWA,0
FITKALGISYGRKKRRQRRRPPQ,0
GLLSGILGAGKHIVCGLTGCAKA,1
KQLKKVSAVAKVAMKKGAALLKKMGVK,1
FIHHIVHAIGRLF,1
GLLQTITEKLKEFAGGLVTGVQS,0
ANVGFVIQLQARLRGFLVRQKFA,1
LEAIPMSIPPEVKFNKPFVA,0
IPWKLPATFRPVERPFSKPFCRKD,1
KWKSFIKKAKTSFLHSAKKF,1
FFPLVLGALGSILPKVFGK,1
GLVNGLLSSVLGGGQGGGGLLGGIL,0
SEAENDLMNKLFTAYNPKVRPAEK,0
FPVTFRFFKFFKG,1
NGPNGKSQSIIVGPWGDRVTN,0
TPQIQKPAPQFSKTALLPDE,0
RLLGNCLTVVMAAKLGTAFSPEIQCAWQK,1
ADLEVVAATYVDDD,0
VDPAQVSGSWRTAAIASD,0
GFVDLAKKVVGGIRNALGI,0
FENKVAEKQKLFQADNGLPVLK,0
FLPKSLFTLVTDKSL,0
DAPSTTPPQDEKKAAEFQKTFTEQNQLANK,0
YVPPVQKPHPNGPKFPTFP,1
RPAWLKAAFRVMRACV,1
MKYNPRVSSNRRKS,0
MDILALGWVSVLALFTWSIAMVVWGRNGF,0
QERRAMGFVGMR,0
FRLDEEFQGPIASQVRRQFLFRPRN,0
ARYGKSPYLYPLGY,0
GLGSLLGKAFKFGLKTVGKMMGGAPREE,1
GAGGALFVHRD,0
LVKLVAGIKKFLKWK,1
KKLFKKILKYLAGPALYKLIKKFLKKKDEL,1
SAVGRHGRRFGLRKHRKH,1
SIEPLALSVFDEP,0
RRWPLKPKKWPLI,1
ARYRKFRNKILRS,0
TTPKFTVAWDWVPKR,0
MDIISLGWSSLLVVFTFSLSLVVWGRNGF,0
LEAIPMSIPPEVKFNKPAVF,0
YECCVWPYCDGGCSSCVRSCE,0
IYSRLTVSPTGTLNR,0
SIPCGESCVYIPCITTIVGCSCKDKVCYKN,0
FFPGIIKVASAILPTAICAITKRC,1
VVGRVASKVVPSLIGLFTTK,1
KALAKALAKLWKALAKAA,1
GMRLTYNRPCIYATKKTKEM,0
GLRRALLRLLRSLRRLLLRA,1
AEYDVSDADIEAFYQTMTW,0
DPNATIIMLGTGTGIAPFR,0
GILSSLLKKWKKIIAK,1
FLPIAGKLLSGLSGLL,1
DEPDGVPTTQKQ,0
KRRKLIKILKLIIKLIRKKR,1
WGRAFRRGVRRLARGGRR,1
KLAENVKEILR,1
IKIPSFFRNILKKVGKEAVSLIAGALKQS,1
FLPGVLRLVTKVGPAVVCAITRNC,1
NVLSSVANGINRALSFFG,1
GKYGFYTHVFRLKKWIQKVIDQFGE,1
QNCCNGGCSSKWCKGHARCC,0
KKKKPLFGLFFGLF,1
IEMAEGGNDNIGNESIK,0
GSSKSPSKKKKKKPGDC,0
MVYVMSMVSLLKRLLTVTRWKLQITG,0
VLADVYNVEPETLR,0
LDVELTVEERNLLSVGYKDSTLIMQLLR,0
MCICKNGKPLPGFIGKICRKICMMQQTH,0
MDTKLGLVEEEAAN,0
GIMDTVKNAAKDLAGQLLDKLKCRITGC,1
FLKKVFKLASKVFPAVFGKV,1
FMGTALKIAANVLPAAFCKIFKKC,1
AEAAGLLPFPRV,0
CCSRYCWKCIPCCPY,0
RPGPPGLQGRLQRLLQANGNHAAGILTM,0
YVLFKRKRFIFI,1
RWCVYAYGRVRGVLVRYRRCW,1
VGSGGCMFGNGK,0
KKKAAAFAAWAAFAKKK,1
FLPLIAGLLGKLF,0
TQVTVEYVNEGGAMV,0
KLKKLLKKWLKLLKKLLK,1
GPAESSGESAHPLE,0
GLWSKIKEAGKAAVKAAGKAALGAVADSV,0
FWGALAKGALKLIGPGSLFSSFSKKD,1
FWGAVWKILSKVLPHIPGTVKWLQEKV,1
FLKLLKKLAAKLF,1
KFDPLEGAPMARGIVLEKVG,1
GLPVCGETCFGGTCNTPGCICDPWPVCTRN,0
WKKILSKIKKLLK,1
GLLKSLCKKFVKGHLGELIEELTTSDD,1
VLYQAVNVFSMDVIDVNSAAPKTCD,0
FAKKLAKKLAKLAL,0
MDIVSLAWAVLMVVFTFSLSLVVWGRSGL,0
FDVMGIIKKIAGAL,1
TPVVNPPFLQQT,0
FFLPPCAYKGTC,0
FLGGLLASLLGKIGKK,0
EVEPSDTIENVKAKIQ,1
NSVVLGKKQRFHSWG,0
CIPDHHGCGLLHHSRYCCNGTCFFVCIP,0
ITMQGIQGQKIRMIMF,0
IRIKIRIKIRIK,1
GSSGGLITFGRT,0
AFNLRNRNFLKLLDFTPREIQYMIDLAIDL,0
QGRLGTQWAVGHLM,0
RSCPRIWMECTRDSDCMAKCICVAGHCG,0
CSFTDYVLIWVKC,0
RRRRRRRKDVY,1
TIFLQQQQQQQQQQQ,0
VGRKHSILNCIPYLKKKKIMRL,1
WIDPSHYCCCGGGCTDDCVNC,0
KDDHCKDLGSIDDDE,0
CVEDGDFCGPGYEECCSGFCLYVCI,0
ICTMIPISRCY,0
GLPRKILCAIAKKKGKCKGPLKLVCKC,1
LPASVDWRKEGAVLPIRHQGQCG,0
RPFVEMYSEIPE,0
ALWKTMLKKLGTMALHAGKAALGAAADTI,1
FLPAVLRVAAKVGPAVFCAITQKC,1
TKPTLLGLPLGAGPAAGPGKR,1
GKPRPYSPRPTPHPRL,1
MELCWLTTIHGS,0
ALFEESTVSAEPR,0
GLMSLVKDIAKLAAKQGAKQ,1
VGTALGSLAEELNGYNRKKGGFSFRF,0
GCCEPDWCDSGCDDGCC,0
KKKKLLLPFLFLV,0
IIYDVGQCDKDFYRPELPR,0
MMISTFHDGQLRFSNVYRLTLMIFRL,0
IKKILSKIKKWWK,1
AFELPALPYAKDALEPHISA,0
AQEEAEAEERRLQEQEELENYIEHVLLRRP,0
EQKLEGMNEVIKMMD,0
KSLRPRCWIKIKFRCKSLKF,1
KLLLKLKLKLLKGWKRKRFG,1
NYYKKLFGSGTTLVVT,0
GKQYFPKVGGRLSGKAPLAAKTHRRLKP,1
RGSLTTHPLRNIKDLVYMGITIG,0
SRRHHCRAKAKRSRHH,0
IKIPAVVKDTLKKVAKGVLSAVAGALTQ,1
ELQLNYYTKSWRAE,0
KKYLLPIVGNLLKSLL,1
HAKDVVFGGEARARMVEGVNILANA,0
GIHDILKYGAPS,1
SPEEARVKILTAIPEMREEDLSEE,1
MKIILWAVLIIFLIGLLVVTGVFKMIF,0
SPRRRTPSPRRRRSQSPRRR,1
SKDNYKNYIPLIVPFAT,0
GLWNSIKIAGKKLFVNVLDKIRSKVAGGS,1
LLGMIKVAITAISALSKL,1
LKQFVHFIHRF,1
PAWLVDCPCVGDDVNRLLARGEK,0
CLGFGEVCNFFFPNCCSYCVALVCL,0
GVLDIFKDAAKQILAHAAEQI,0
AGEGLSSPFWSLAAPQRF,0
ACYCRIPACFAGERRYGTCFYLGRVWAFCC,1
KPRPGQFFGLM,0
NSEDGSPYPGPGQQPNCCKWPIVTCCN,0
AAQEGETLTVEETV,0
GIHDILKYGKPA,1
ILAWKWAWWAWRR,1
RGSNLTIHPLRNIIDLFYVG,0
AKITFTNNHPRTIWP,0
QKTLIFGHKNPDTDTI,0
FRRFRKWFRRFLKLF,1
KLLGPLLKIAAKVGSNLL,1
VARGGKTKGRRG,0
SPSNSKCPDGPDCFVGLM,0
AANDKTSAWIAWAGSQSCCATPSCARLY,0
GLWQKIKSAAGDLASGIVEGIKS,0
GAVPAAQWFSPRL,0
KWCFCVCYRGICYCRCRG,1
GSFVNPTTPIR,0
CVHGGTNTARTACIAG,1
FAGLAANFLPTIICKISYKC,1
PRRRTRRASRPVRRRRPRRVSRRRRARRRR,0
AALKGCWTKSIPPKPCSGKR,1
FRFKRFRKKGKKLFKKVSPPILLLHL,1
GWLDVAKKIGKAAFNVAKNFI,1
AEPLASQLKEPIAGGGWWAA,0
GLRKRKRKFRNKKKEKLKKI,1
AGTADCFWKYCV,0
RCYCRRRFCVCR,1
RIRRPIALIWRGGRRLTEWL,0
MKNKSLFEVIKIGKVEVKIMAVMGAFG,0
IWLTALKFLGKHAAKHLAKQQLSKL,1
DGDDYKFGHFRWSVPL,0
SLLQFEMMIMEVAKRSGIFWYSA,0
MKWETPTATDLRFGFEITMYVSAR,0
DIIMSTNTFSEEAEALLKEALETYLKEFA,0
FLPLLAGLAANFLPKIPCKITKKC,0
MVLNVVLAGDFDCVRRP,0
MENGKVHVASMSGLSMPHMNEMLEK,0
ALRSAVRTVARVGRAVLPHVAI,1
EIPSCESSASPDQSDSSVPPEE,0
ILKLFKRIVKRILKFLRKL,1
CVVSSGWKWNYKIRCKLTGNC,1
ATRVVYCNRRSGSVVGGDDTVYYEG,0
FLPLVTMLLGKLF,1
LMCTHPLDCSN,1
MAAEINMVILAWDLCLLELPY,0
VFLGNIVSMGKKI,1
MITDFQVYIALMAALLASVLAIRLGATLYQ,0
ITGQVTGSLAPIAFLRTK,0
TQACRINSGNVPSELDLRSLRTVTPIRMQG,0
RKKKIKIIKKII,1
YDASLKPNLQIPQKNIPNNDAVNIK,0
GILGKIWEGVKSLI,1
EQGGSQAGGSL,0
ISALFDEYEPLNDAD,0
MVVFSVPKFKSTVAKLLSSA,1
WGRAFSRGVRRLARGGRG,1
TSWSPCSASCGGGHYQRTR,0
GRRCPRIYMECKRDADCLADCVCLQHGICG,0
RLLRKFFRKLKKSV,1
GEEERKAMAELEAKKAQEALKA,0
NSGGGEGSGMWFGPRL,0
MKVKVDADACIGCGVCVELCP,0
PAGHGARARTRDLFAR,0
VTEEGYSISDQSKVGEQIRSPDREM,0
KKKVVFKVKFKKK,1
DLMQFETLIMKIAGRSGVWIYGSYGCYCG,0
VATSEQFNKTFIELVIVVD,0
CKKLLKLCKKLLKLAG,1
RPCCSLRWCSNYCRCGI,0
ILGKLLKTAAKLLSNL,1
GIHDILKYAKPS,1
QKVAVRLKEVVYTLSPHQQN,0
FMKVLAVFGSVVTSAPKASK,1
GCKKYRRFRWKFKGKFWFWGG,1
GMNLVFVGAEVAPWSKTGGLGDVLA,0
LLIILRRRWRKQARARSK,1
GDVVANPESVELK,0
AFANTGVEIVSIDTYLFSLYDEDK,0
AQTPVKVTVTGAAGQIGYALLFRI,0
NYTIGNDNVLTEPLSEIKTAGLMYKMGVQ,0
QLYENKSRRPYIL,0
FLPAVIRVAANVLPTAFCAISKKC,1
IRIRCRRRFCRIRI,1
SPTLDDEHNDNFVRL,0
FIGAIARLLSKIF,1
PFDRISNSAFSDF,0
KKLFKKILKYLAVAVVGQATQIAKKDEL,1
RKKKLKFFKRLF,1
EYYDDTDEEERIVSTVDAR,0
GLLRASSVWGRKYYVDLAGCAKA,1
MNEAKSLFTTFLILAFLLFLLYAFYEAAF,0
SIVPLGLPVPIGPIVVGPR,0
GKWQSLLKHILK,1
GLKDIFKAGLGSLVKGIAAHVAN,1
GFGSFLGKALKAALKIGANVLGGAPEQ,1
MLYWLGILIAYADRRPDKVFTLIR,0
ILPWKWKWWPWRR,1
LENRVAEKQKLFQEDNGLPVHLKGGATDN,0
QQDYTGAHFDF,0
VNWKKILPKIIKVVK,1
FLGWLFKWAWK,1
KKCPIVVIRVCK,1
GILGTVFKAGKGIVCGLTGLC,1
WLRMASGLTDYR,0
TRTSRGWHTTDLKYN,0
RGEPAYNGRFL,0
KILEPFRKQNPDIVIYQYMD,0
CTTMNCLKGHCGCSPDCGSC,0
FFHHFARGIVHVGKTIHRLVTG,1
SLLQFNKMIKFETRKNAIPFYAF,0
GICYCICGKGICRCICGR,0
GLVTSLIKGAGKLLGGLFGSVTGGQS,1
DPLGSTEEFSR,0
VIDKAKMESLGITSRDTT,1
GLPTCGETCFGGTCNTPGCTCDPWPVCTHN,0
FPFLLSLIPSAISAIKRL,1
GIVEQCCASTCSLYQLENYCN,0
SAVGKLASKVFPAVFSMVTK,1
NALSMPRNKCNRALMCFG,1
AEYPNDVNLTVYWDP,0
MKFGLFFQNFLSENQSSE,0
TVYQHQKAMKPWIQPKTKVIPYVRYL,1
MLHHMTSRANLLLLRRGGSQRS,0
SPTVIALRVVEALSPR,0
HFLLTLVNLAKKKL,0
KRIRKRIKKWLR,1
ENAEEDIVLMENLFCSYIVGSADSFWT,1
KVCYRAIPCGESCVWIPCISAAIGCSCKN,0
YDKSVYFDLEDKGNTGQY,0
GLLKKLLKIAAKVGKKLL,1
MGTTTMGVKLDDATRERIKSAASRID,0
AKRHHGYHRKFH,0
FIQYLAPLIPHAVKAISDLI,0
KLSPSLGPVSKGKLLAGQR,1
YYEEYVDGQGMVVR,0
MKDVDQIFDALDCHILREYLILLFYD,0
RLYRRLYRRLYRRLYR,1
QRRCPRIYMECKHDSDCLADCVCLEHGICG,0
PVLAAASWALFNIGRLALQQFNKIASR,0
GEKLKKIGQKIKNFFKKL,1
VQRWLIVWRIRK,1
MHLSTLPNVPWPNRSFTTKRPPLPNMSFSW,0
VARPPGFTPFRVAPEIV,0
AFQLDTNLVESLQK,0
DVIGPQAQVTLANQD,0
QQMNQKDFLSLIVS,0
SVIGCWTKSIPPRPCFVK,1
RKKKFKIFKRLF,1
AESGFQPVVDRKGD,0
ILPHKHPHHPHRR,1
GVIKSVLKGVAKTVALGML,1
GTKALTEVIPLTEAAEC,0
DEQSGISQTVIVGPWGAKVS,0
DCPSDWSPYEGHCYRVFTEPQNWADAEKFC,0
KRKRKILILIKRK,1
KYHSGPSDKSKVIS,0
KKKFFFFFKKK,1
MYVLQEINPGITS,0
ALLKLAPRLLAGIF,1
FLPIITNLLGKLL,1
GIGKFLHSAGKFGKAFIGEIMKS,1
GFLGSLLKTGLKVGSNLL,1
EGANSNEAKGMWFGPRL,0
MKKARRSPSRRKGARLWYVGGSQF,0
TDSIKETIKETVNHQAEWPY,0
ESIASFQGVLDGKYD,0
RKGWFKAMKSIAKFIAKEKLKEHL,1
RRRRRRRWWWRRRRRRRR,1
KRKCGLCKYRCCSGG,0
GLFDVIKAVASVIGGL,0
WIQPKTKVIPWWWWW,1
SAVGSVASKVVPSLISKVTK,1
ILPWKWPAWPWRR,1
DCLPGWSVYEGRCYKVFNQKTWKAAEKFC,0
KIKWILKYWKWS,1
FWGLKGLKGPGKFSKKL,1
YCQKWMWTCDAERKCCEDMACELWCKKRL,0
SHGKQETDEEFDANL,0
MSPQTETKAKVGFQAGVKDYKLTYYT,0
CCLWPACWGCVCCY,0
FLGGLIKIVPAMICAVTKKCHHHHHH,1
INLKGLIKKVASLLT,1
RAIKIWFQNRRMKWKK,0
GFGSLFKFLGKKLLKTVAKQAAKKQME,0
MALPLLEYKPT,0
CVPKRKVSPSRNMRAHDLT,0
GHGGASNYVRL,0
AANAKLFAVRQSCCSTPPCALLYMEMCG,0
QPWLEQAYYSTF,0
KFVRLKIYCRDKNKGRGISF,1
APSSMGFMGMR,0
IWVGISYKIHSLYFQ,0
ITIPPIIKDTLKKFFKGGIAGVMGKSQ,1
FVLPFDVLDSGRDLDRGWPYA,0
TDIQTKELQKQITKIQNFRV,0
EPFKISIHLGGY,1
KWRQWQSKWRRTNPWFWIRR,1
WGIRDILKYGKPS,1
GIHKILKYGKPS,1
MWLILFAIVATLGLMVADDNIWPDC,0
FLGALVKALSKLL,1
MGHLVLVRHYVLVLLLIELMQLLLGSLGLS,0
FFWHHIGHALDAAKRVHGMLSG,1
GCRRFKKFKKWRYRGRFWFWCFG,1
KRRLALFRLFRLALKLVLKK,1
HSLQDTEEKSRSFPASQTDPLEDPDQINED,0
NEQSGISQTVIVGPWGAQVT,0
GNTKKAVPGFYGTR,0
LLKWLLKWLLK,1
QSHLSMCRYCCNCCRNNKGCGFCCKF,1
IVQQCTSGICSLYQENYCN,0
CPPPTGATVVQFEQP,0
MNPCSSNCSCGASCTCSGCSSHKK,0
WKVFKSFIKKASSFAQSVLD,1
SITKIKAREILD,0
GFMGDTLKGIARNAALALMNAAQCKLSGKC,1
VRLRIRVAVRRA,1
GLASFLGKALKAGLKIGAHLLGGAPQQ,0
MSELSAAPLRPGKTQESEKGIYYAREGCVS,0
GYCYHRYYCCSRACKLTTKRCL,0
GFWGKLWEGVKNAIKKK,1
NKSLLTEVETPIRNEWGCRCNDSSD,0
GLWEKIKEKANELVSGIVEGVK,0
RKDVYRRRRRR,1
KNGTVKWFNAEKGFGFITSED,0
QETQYFGPGTRLLVL,0
MATQGFSCLLLSVSEIDLSMKRQYKQIR,0
GCRFTVKPYIKRIQLHYKGKMWCG,1
AATGTGKTAAFALPVLERLI,1
DWEYHAHPKPNSFW,0
FLPILAGLAAKIVPKLFCLATKKC,1
MISDIQIMVALFAALFTGILALRLGTELYK,0
FLGALFKALSHLL,1
ADGIVAVELDTYRGSFK,0
VRLEFKLQQTSCRKRDWKKP,1
LAEQAERYEEMVEFMEK,0
EWGRRCCGWGPGRRYCVRWC,0
NIGTLARDFQLPQN,0
ESLPLAAFHQVDVYTAK,0
AFQTSFVFQRFYETN,0
GSDTSLIDTCGNTPNVSGAN,0
INLKAIAALVKKVL,0
FLPFLAKILTGVL,0
LLGMIPVAIKAISALSKL,1
FLPAALAGIGGILGKLF,1
GFPCGESCVFIPCISAAIGCSCKNKVCYRN,0
GYLDYDEVDDNRAKLPLDAR,0
MLNAVDAKLTTDFGQR,0
KWKLFKKIEKVGQGIGAVLKVLTTGL,1
CTMCRYQQNCFTRRLIVGGMLLVFV,0
NVRFDLSGATSSSYKTFIKN,0
EAAGLLAFPRT,0
KLSGCFGFKLDRIGTMSGLGC,0
FLGLIFHGLVHAGKLIHGLIHRNRG,1
GFLGPLLKLAAKGVAKVIPHLIPSRQQ,1
QDKPFWDPPIYPV,0
MAWTKPAYTDLRIGFEVTMYFASR,0
AIFIFIRWLLKLGHHGRAPP,1
GIGSMLLGLAKNVGMSLLNKAQCKISGKC,1
KKWRKSFFKQVGSFDNSV,1
MRRAVILVLDRAGPV,0
MGNISPLTGTNGEIR,0
NLYQFKNMVQCVGTQLCVAYVKYGCYCGPG,0
VLSAADKGNVKAAWGKVGGHAAEYGAEAL,1
CTPSGGACGFYYHCCSNYCITISSTCR,0
IPCGESCVWIPCITAIAGCSCKNKVCYT,1
EDHPVHNRGEYSVCDSVNVWV,0
APKDDTWYTGAKLGWSQYHDT,0
RRWRIVVIRVRR,1
GCKFTVKPYLKRFQVYYKGRMWCG,1
FLSIIAKVLGSLF,1
YARDLTTKARATAPT,0
PRPPHPPRPPHPPRPPHPPRPPHPRL,1
ALPTYTPESPADATR,0
KRIRFFERIRDRLRDLGNRIKNRIRDFFS,1
VRVKVRVKVRVK,1
MTPRGFSCLLLPTSETDLPVKRRT,0
ATSGPMGWLPVFYRF,0
LLPIVGNLLKSLLGWKRKAFG,1
LLSRVYQILQPILQRLSATLQRIREVLR,0
PARNKDQEQEVLTI,0
GSGASGSMPATTS,0
NYDKNFYEDTLP,0
VDKGRYLEAPTPPRPIYNRN,1
LRKAKKIAKKLF,1
FLGSLIGAAIPAIKQLLGLKK,1
HPDLFRPDNTASPKFEDPRLNP,0
FLGALFWVASK,1
FLGWLFKVASK,1
GLVSSIGKALGGLLADVVKTKEQPA,0
VPPGFTPFRLT,0
INWLKLGKAVIDAL,0
MATIYKVTLINETEG,0
KRKLIFLAAFLAALALFKKR,1
STLHAVLRLRGG,1
PFAQTQSLVYP,0
EQLIELVGPWKTVYIVHFNGET,0
NLFQFARMINGKLGAFSV,0
GIRCPKSWKCKAFKQRVLKRLLAMLRQHAF,1
QARPPHPPIPPAP,0
YVLAKRKRAIFI,1
KSPFVLVVSSRVAAVIKSLP,1
CGESCVYIPCISGVIGCSCTDKVCYLNGTP,0
FLGGVFKLASKVFPAVFGKV,1
YNTPVFAIKKKDSTKWRKLV,0
GAWKNFWSSLRKGFYDGEAGRAIRR,1
QARPRPGPKIPP,0
FAKWAFKWLKK,1
GLRDFNVAVRASNGKYWTRRPESGTLV,0
RLSRIVVIRVSR,1
RICTAIPLPMCL,0
MSIADLKSRLIKASTSKMTAEL,0
MGFNGGILEGEEKAVVTINP,0
GLFAVIKKVAAVIKKL,1
ARCEQCPSYCCQSDSPPECDGCE,0
FQFVNPSDIVFGS,0
FIGGIISFFKRLF,1
RKCNFLCKLKEKLRTVITSHIDKVLRPQG,1
FGPVIGLLSGILKSLL,1
MARIAGVNIPTGKRVPI,0
HSQGSFTSDYSKYLDSKQAKDFVIWLMNT,0
QMIFGAPMWALGHLM,0
SPSTHPNEGLEENYCRNPDN,0
RGSLTILPLRNMRDIVY,0
FLPFLAGLFGKIF,1
GCCSTPPCAVLYC,0
YLGPTADSTMDQTFANN,0
KNWGKILKHIIK,1
LGAEISSLTLEEAR,0
FLGGLMKAFPAIICAVTKKC,0
LLKKLLKKLLKKLLKK,1
GLFGVLAKVAAHVVPAIAKHF,1
AKKVFKRLEKLFSKIQNWK,1
FVNQHLCGSHLVEALYLVCGNDGFFYRPKA,0
GCTYNVKPDIQGFELYFIGSVTCG,1
MSRFIFYKIILSKQKDM,0
KWKSFLRTLKSPAKTVFHTALKAISS,1
PQQLGHVKAASDY,0
RIPSTEEVVVRTESG,0
SEVGALVFQPKTRF,0
EKIVVGLAADSG,0
MKATFVLHGWWRTS,0
GVLFASGQNLARTLIEFLLR,0
TTVYDAEGSKVDFDGSLRIIV,0
DPKPKKNKKPKNPTP,0
VDKPDYRPRPWPRPNM,0
VGKTWIKVIRGIGKSKIKWQ,1
CRGDCGGKWCFRVCYRGICYRRCR,0
NCPYCVVYCCPPAYCEASGCRPP,0
MLTYTGTVINVQTFAAKPDP,0
SALVGCGTKSYPPKPCFGR,1
MPIIGVPRCLENPFCAPAKFPLSVKKKIRI,0
MIFDGKVAIITGGGKAKSIGYGIAVAYAK,0
GLWDDLKAAAKKVVSSLASAAIEKL,0
KFADENFQLKH,0
GKLQAFLAKMKEIAAQTL,1
TTKPVPSGSPWYGPDRVKNRELEVIHSR,0
DKEGTLDFLECGSPHSAVPRY,0
QAVLSETGGGDTASCDEYLYQELAYVK,0
ILGKILKGIKKLF,1
ALPNQQTVDYPSFKSNYNFEKPFLYLAR,0
QLASDDYGHMRF,0
ILPYKYPYYPYRR,1
TPDKKHQKEPPFLWMGYELH,0
FLPIVASLAANFLPKIICKITKKC,1
MDILSISWAFLMVVFTFSLSLVVWGRSGL,0
FIHHIIGGLFSVGKHIHGLIHGH,1
NGVQPKYRWWRWWRRWWWW,1
IEHNAEEIRKTAIRTAVQNTAQQTK,0
RGGGLCYCRRRFCVCVGR,1
AVWQFREMIKCTIPPSDDLLDF,0
FFHHIFRGIVHVGKTIHKLVTGT,1
FAKRYVELVIVA,0
CNGRCGGKLAKLAKKLAKLAK,1
TILQSLKNIFK,1
LCYTRPRFTVCV,1
MDKLAAGGLYLLFLLLAGIIVTH,0
GLLKPLLKIAAKVGSNLL,1
NNRSPQLRLRF,0
TKQTLKVLITGAAGQIGYSL,0
ALSVPVFAVAPLNKK,0
HYRIKPTFRRLKWKYKGKFW,0
MIINHNMSAINANRVLGTNADITKDL,0
MDETIVTDKGVAEFSFFKF,0
WHWTWLPRRRK,1
RRWPLKPWKKPLI,1
QRPEYPVWREKGAV,0
YLLTEFQHLFK,1
STNCFCYPCCSCSS,1
VADKRPYILREKKSIPY,0
GAKALTKAATAFTKFYKTIW,1
KLGEFSPTRTYRGHNKKDKKMQKK,0
FFHHIFRGIVHVGKKIHRLVKG,1
EKARHGSCNYVFPAHKCIC,0
MNLNAYFEAYQAIFPFLLEAFLRKEQKV,0
SNATDETLKDVSA,0
GVYVIEEDVATYTIK,0
GFLRGVLGGGKKIVCGLSGLC,0
LIKHILHRLGGGFHFHLHF,1
APGDLLWSDEFDGAAGSAPNP,0
KKAAAYAAAAAYAAWAAYAAAKKKK,1
TQLEAACPNVVSCADILALAAR,0
HLRRINKLLTRIGLYRHAFG,1
ALWKTIIKGAGKMIGSLAKNLLGSQAQPES,1
GFKDWIKGAAKKLIKTVAANIANQ,0
ILPWKWPWAPARR,1
TLRGDERILSILRHQNLLKELQDLALQGAK,1
AVLSALPKEEQIGKASTRGRKAARRKK,1
KKTWWKTWWTKWSQPKKKRKV,1
MMWTKPEVTEMRFGFEVTMYVCNR,0
GKFHQIKKMFLSVGVKVTSLKRIQFGDF,1
GFWTTAAEGLKKFAKAGLASILNPK,1
FLGSLLGLVGKVVPTLFCKISKKC,1
SFKKGLFLGTILGGA,0
GLWNSIKIAGKNLFVNVLDKIRCKVAGGC,1
MLLLKHGRIEILDQNTMYG,0
WLRAFRRLVRRLARGLRR,1
PVLQVVRDIHGDILTPDSRYIL,0
QRFIHPTYRPPPQPRRPVIMRA,0
MAARAARLAARLARLALRAL,1
CCPKEWCNRDCSCCT,0
STLHLVLRLRGG,1
YQTSSPGSNITIGPL,0
NAAKYNPCASYL,0
MGQEQGIPWIL,0
MADENTPVMPEEVPAVEGVGM,0
FDKNQPWGVIRDLNVVNFKR,0
KRMLSNRESARRSRMRKQK,0
EYDDMYTEKRPKVYAFGL,0
MHGQVDCSPGIWQLD,0
RLARRVVIRVAR,1
GLIQTIKEKLKELAGGLVTGIQS,0
FLAKKVAKTVAKQAAKQGAKYVVNKQME,0
AAAELSLVQLESLREVCEQ,0
MTYQTAIDAVRELKA,0
GNNRVYIPQPRPHPRL,1
RLWRIVVIRVKR,1
GATPEDLNQKLS,1
RSLDASPSSAFSGNHSLS,0
ISINQDLKAITDMLLTEQIRERQRYLADL,0
FHFHLHFGGGFIKHFIHRF,1
ITAGFISSSANTVYVKKGDVMVFPR,0
GTLGNLPAPFPG,0
LIRRLGQRIRRPIHRIARCAGQVVEIVR,0
MDVNPTLLFLKVPAQ,0
ATAEETRRMLHRAFDA,0
LVDERMSTEGTGLSLGLSNN,0
AKTIAYDEEARRGLERGLNSLADAVKVT,0
GKWMSFLKHILK,1
SLQAATEWLKANNQRGFLGEMGAGSNAD,0
EQCQDMAGGAR,0
FDRYDDETAYGYGFDNHIF,0
YQTDELARVLSPT,0
SGGYCGGWHRLRCTSYRSG,1
PVVFSVASKVVPSLISALKR,1
GIVDFAKGVLGKIKNVLGI,0
HMNASDMEIKSYINMIESVEESSNYDF,0
GWTLNSAGYLLGPHGIDGHRTLSDKHGLA,0
FCCDSNWCNISDCECCY,0
RRRRRYRYWRRGLTIQGRPKSLPLNTGD,1
QHLADYDEVDDDRAKLHLDAR,0
EPVKKKDLKKATVPL,0
ILPVKVPVVPVRR,1
NPVVRITNGAIRGQN,0
MMRVMRRKTKVIWEKKDFIGLYSID,1
ADEKVVIGLAADSG,0
EGSGSGETSGMWFGPRL,0
MHNSIAYDKDGNSTGQKYYAYG,0
VGCEEDPMHCKGKQAKPTCCNGVCNCNV,0
SGLLMNFGEQHVNVAQ,0
VLPLVGNLLNDLLGK,1
FLGPIIKMATGILPTAICKGLKKC,1
RIPTGERVWDRGNVTLLCDC,0
KSTDFDYNNKKANYD,0
GILSGVLGMGKKIVCGLRGLC,1
KKLFKKILKYLAGPAKKLFKKILKYLAGPA,1
MPGLDSPAAVRRAAMDLLAR,0
TPLKESTCYLPKETGPCVGYFFRYY,0
ALPWKWPWWPWRR,1
DPLNEERRANRYGFGL,0
KKSLLAKAKNFGGKVITIFKA,1
RGARIVVIRVAR,1
SVFAFQDESTSTIAQARLFI,0
TAAFLLKLAGRW,0
VIGGTNASPGEIPWQLSQQRQSGSW,0
RQKDKRPYSERKNQYTGPQFLYPPERIPP,1
HSDAVFTDSYTRLLKQMAMRKYLDSILN,0
MNRLLQRQLFLENLLVGVNSTFHQM,0
SMISVLKNLGKVGLGFVACKVNKQC,1
ATGAASLYSFGL,0
AQLLESVLQEERILALHAQARERLT,0
FIGSALKVLAGVLPSIVSWVKQ,0
GVAKFGKAAAHFGKGWIKEMLNS,1
IAQQAANVAATARG,1
QGMIGTLTSKRIKQ,0
NHQLTQENERLTQK,0
KSSAYSLQMGATAIKQVKKLFKKWGW,1
VFTHVLQPYPEIRPRFPLVGGWKTHYV,0
GFMDTAKNVAKNVAVTLLDNLKCKITKAC,1
LPGLTSSGDSDESLPFLNTICCWSGACCG,0
CVPHEGPCNWLTQNCCSGYNCIIFFCL,0
VATSEPNRYFNPYSYVELIITVDHS,0
PAPESSFIRDP,0
MDIVSLGWAFLMVVFSFSLSLVVWGRNGL,0
FEDGKKVRFFKSNKETIK,0
KFFKKLKNSVKKRAKKFFKKPRVIGVSIPF,1
NHYSYSSPPPPPVVSSPPPPYYYYSPPPPV,0
FVGALFKALSKLL,1
ILGKFCDEIKRIV,0
SSANPQITRKRHKINSFVGLM,0
MVPVPVHHMADELLRNGPDTVI,0
AGGTSGLYAFPRV,0
RKKKLKIIKRLI,1
FFPLALLCKVFKKC,1
GILDTVKGVAKDVAAHLLNMVKCKITGC,1
VIRRRRILAAVV,1
LCYCHHHFCVCV,0
APNVKDSKASGSCCDNPSCAVNNRHC,0
VRRFPAAAPFLRR,1
LRRLWLRANRLLRRLWLRANRL,1
SLRGPAESSGESALSE,0
ILPWKWPWWPWRG,0
SVSRAGSPSGGPFC,0
YDKVEFHITGTKDTYSAFIQSLRTHLS,0
TAEVMSVTAFGALEEDEG,0
YMVIQGEPGAVIRLGDYLIDQGL,0
MKHSEKNEIASHELPTTPLDPVLAAGRES,0
KKAAAAFAAFAAWFAAFAAAAKKKK,1
KAPAEDLARYYSALRHYINLITRQRY,0
ALVEDPQMQKYHKH,0
ESGGSGEANGMWFGPRL,0
FVKKFWGGVKAIFKGARKGLK,1
FLPLVRGAAKLIPSVVCAISKRC,0
EKCLRWQWRMRKVGG,1
VNWKKVLGKVVKVVK,1
KSLRRVWRSWR,1
QEDIEAGKQKSATCTACHGQEGNST,0
SLVQFEMMIMEVAKRSGLLWYSA,0
GLLGAMFKVASKVLPHVVPAITEHF,1
HFLLTKVNLAKKIL,0
RWCVRARVRGVRYRRCW,1
LKIPGFVKDTLKKVAKGIFSAVAGAMTPS,1
IALQSPAGAARIRDYLYNELSK,0
GIPCGESCVFIPCISSVVGCSCKSKVCYLD,0
TPPEPPPPQVL,0
RRKKAAVALLPAVLLAELAP,0
KKDGYPVEYDRAY,0
KRRILIRILKLIIKLILKKR,1
VVDIVDTFRNNIQGATK,0
RCCISPACHDECICCID,0
SLLGTVSLIAYWCRQECGPECAERIIL,0
GILDPIKAFAKAAG,1
GGLKKLGKKLEGAGKRVFNAAEKALP,1
TAFHRDDHETDMELK,0
NWVKEWIKYLKSLFSHAFEVVKT,1
RLGRLVSLHTLG,1
GLKKIFKAGLGSLKKGIAAHVAS,1
KKKKVVAATLVFV,0
LIGPVLGLVGSALGGLLKKIG,0
IVIYQYMDDLYVGSD,0
SKTPIRVAVTGAAGNIGYHLLFRIA,0
YGLAGDHVLDAR,0
KIMAKPSKFYEQLRGR,0
GIPCGESCVFIPCVTTVIGCSCKDKVCYNN,0
KPRSKNPPKKPK,0
GASGLISFPRV,0
QQLLFIHFRIGCQHS,0
ALLDKLKSLGKVVGKVALGVVQNYLNPRQ,0
GLFAVIKKVASVIKGL,1
KWLKKWLKWLKK,1
VTVYDAEGTKVQLDGSIRLVM,0
PSYKLHYFDLRAAGE,0
SVPSVGAVLFFKRAAVMKLI,1
SNKKNYQKEIVDKHNALRRSVK,0
RIISSVAVAVAGTA,0
ILGPVIKTIGGVIGGLLKNL,1
MNQKHLLRFIKKSYQVDADRVVYSTK,0
MVKAVTVLNSSEGPHGIVYFAQEGDGPTTV,0
VNWKKVLGKIIKVAK,0
QPNPDEFFGLM,0
KRIGLIRLIGKILRGLRRLG,1
KRKRQQGIGAVLKVLTTGLPALISWI,0
KKLALALKKLALLWKKLALALKKA,1
FLPIIASVAAKVFPKIFCAISKKC,0
GIYCIFEGGTPDDR,0
LYLKQADFDDPRMFTSSFG,0
QGRPLGPPIPP,0
ATVYNNDGTQVDVGGRFDVALG,0
AIANAPLLDTTITDRVFFD,0
TKDPELKQCKKQQKKQQQYDDDDKK,0
CMSTRGDQARKICE,0
AINSESGVRSVVPQPCNALPNQGPEK,0
DFGHIQYVAAYR,0
NFLGTLVNLAKKIL,1
VNWKKIILGKIIKVVK,1
FLSHIAGFLSNLFGK,1
DVNGGWSCATTVDAKFRPNGCTD,0
MMYLMPLLIVIVGCLALHCSDDDMPDGHA,0
DCPSDWSPYEGHCYKHFIKWMNNEDAERFC,0
SLVQFEKMIKEVAGKNGVPWY,0
APQANSFYVGAKAGD,0
FLGLLFKVASK,1
RLCRIVVIRVCR,1
INNQFLPYPYYAKPAAVR,0
GWKDWAKKAGGWLKKKGPGMAKAALKAAMQ,1
NVAAVARYNSQHGHIQRAGAE,0
MIFTADRSAIEV,0
DDCTTYCYGVHCCPPAFKCAASGCVRNN,0
SQWSPCSRTCGGGVSFRER,0
IFGAIWNGIKSLF,1
MSDIEQRIKQAVAEQLGMRAEEIKNE,0
VGKFPLLANSR,0
VNQSETPVKHIGKVF,0
AEYTLPDLGWDYAASGPG,0
VPETWDDYGAQT,0
TVKQLSMVLDLNKEIGGQTTAA,0
SSLLEKGLDGAKKAVGGLGKLGKDA,0
DMDDFGLGDFDDGR,0
LVVELAPMEIR,0
GALFSLASKVVPAVIGLIKK,1
RLLRLLRLRRLLRL,1
NSDEQFDDYGYMRF,0
TNVKESEFIAEGAAGR,0
LVPLPKIKNSTFT,0
MSDTATRVQKIVVEHLGVESDKVTQE,0
MKAIAVLKGSEVTGVVRFEQQED,0
DSPGGASDTQKQHVNSKY,0
GIPCGESCVFIPCITGIAGCSCKSKVCYRN,0
NNNARLMFGDGTQLVVKP,0
GGGGTSGLFAFPRV,0
TNDSAGDGTTTASVLAR,0
RVCPRILMECKKDSDCLAECVCLEHGYCG,0
WPTNPTTVPVPS,0
TETTEGDFIAEGGGVR,0
FFPLLFGALSSMMPKLF,1
RLPWRWPRRPWRR,1
IGIFYGSSSGVTGKV,0
MALKAVCVLKGAGETSGTVHFEQEDN,0
MTNEEIKRLVDEVKEGVIARRHL,0
VARSLLIFEVQQPFLFLL,0
MIFVATSLSCRWWWPVM,0
EQVGSQAGGAYM,0
GLKKLLGKLLKKLGKLLLK,1
FLPGLECVSGLKIVPTVFCAITRIC,1
FFPAIFRLVAKVVPSIICSVTKKC,0
GVGYKVVVTTTAAADDDDVV,0
KKIGAIKKWGAIKKIGAI,1
ALWKTMLKKAAHVGKHVGKAALTHYLN,1
SGPAQKQNVVNQLLVLIYLYKDS,0
DAHKLAKLAKKLAKLAK,1
RCYARRRFAVCR,1
RFRRLRKWTRWRLKKI,1
NILNTIINLAKKIL,1
KLWMRWYSATTRRYG,0
APNQPSDNMIRF,0
SIFAFQDESPSAIAQAKLFK,0
VVGGAECKIDGHRCLALLY,0
ATAWRMPPNGIPPIVAVRIRPLCGTV,0
LIGSLVRGILPLF,1
EYCGESCYLIPCFTPGCYCVSRQCVNKN,0
NEQSGKSQTVIVGSWGAKVS,0
MWTKPKFEEMRLGFEVTLYISNR,0
IGKKFKRIVQRIKKFLRKL,1
QAVLGAGLPCNTTTSPIIKVCASGMK,0
MQRPRPPRPLSYSRSSEEAFLEA,0
ADMDFTGIAESIIKKIKETNAKPPA,1
MKKTTIIMMGVAIIVVLGTELGWW,0
LVSLPQIAHADCCSDPACKQTPGC,0
RKKRKKLIKRLI,1
AWRWKAFRNCWRVRSSSL,1
KFLHLAKKFPKWKLFKKI,1
GMDDFAFSPGL,0
EELRPEVLPDVSE,0
PPVTTRSKFTF,0
DKNKKPIWMAGFPGFTPIR,0
GEKLKKIGKKIKNFFQKL,1
MAFSELNIDILTRSKARGG,0
NYGYTFGSGTRLTVV,0
GLADVIKKVASVIGGL,1
EPAIYFKEQFLDGGFTDRIKEK,0
MGDISPLTGTNGQIR,0
ILPWKWPKKPWRR,1
ATTDSPATLTGVI,0
KKFGGGKTERARKAMAVE,1
RMKKLGNHKVSCERNTKRCRKAI,1
GTSGLISFPRT,0
DLRGACAAAHAL,1
RVKRVWPLVIRTVIAGYNLYRAIKKK,1
ETFTVKMGGDAGTLQ,0
VRRFGWWWGFLRR,1
RDVDVGSFLPKSPSDPSMVL,0
QVRWWGRYWRRKWATCR,1
IWSFLIKAATKLLGVGSLFGGGKKDS,1
RRLTLRQLLGLGSRRRRRSR,1
KWKLKKHIGIGKHFLSAKKF,1
TEIQSFNFNGFVPEN,0
GFWGSLWEGVKSVV,1
MDTIEPVSVAIS,0
QQDYGTGWMDF,0
SCGGSCFGGCWPGCSCYARTCFRDGLP,0
FKKFWKWFRRFGGGFIKHFIHRF,1
DHLSHDVYSPRL,0
GANAAKKLATFAKKIFTAYW,1
KLILKRKRKRILIK,1
KAYSMPRCKGGFRAVMCWL,1
RKKKFKFFKRLF,1
GVWTTILGGLKKFAKGGLEALTNPK,1
EEFDYDLVIIGAG,0
KRGFLDVIKHVGKAALSVVSHLINEGEH,0
KAKRRARNLNQKKRK,1
MKHIPFFFAFFFTFP,0
MSTDLKFSLVTTIIVLGLIVAVGLTAALH,0
IFGAIAGLLKNIF,1
PHAYPFLSPEQKKEL,0
AAKLLLNPKFRCKAAFC,0
VNPTLLFLKVPAQNAISTTFPYT,0
VSAVAKVAMKKGAALLKKMGVKISPLK,1
KHSLPDLPYDYGA,0
AKSILLGEEGRHSMQAGVDKLANTVKVTLG,0
INWKKIKSLIKAAMS,0
GIPICGETCTIGTCNTPGCTCSWPVCTRD,0
DVSFSLSGGGTASYEK,0
CNNRGGGCSQHPHCCSGTCNKTFGVCL,0
GVIAAAKKVVNVLKNLF,1
GVPCGESCVYIPCFTGIINCSCRDKVCYNN,0
SWLRDIWDWIREVLSDFK,0
CATCIADHRSH,0
KWKLFKKIFKRIVQRIKDFLRN,1
FLKGIKGMLGKLF,1
AFVKGSAQRVAHGY,0
KIANGSGSEQDIAEAKI,0
GCCSDPRCRYRC,0
RIGVLLARLPKLFSLFKLMGKKV,1
KWKKLLKKPLKLLKKLL,1
GIPCGESCIFIPCITTVVGCSCSNKVCYDN,0
SPTEQPYSSAAPLI,0
IWLTALKFLGKNLGKHLAKQQLAKL,1
FFGTALKIAANVLPTAICKILKKC,1
LSFVGRVASKVVPSLISMIK,1
ISSPLFKTLLSAVGSALSSSGGQE,1
ADPPVVGYEYATCR,0
MDILSLGWAALMAMFTFSIAMVVWGRNGF,0
EDGSDPASGDFLAEGGGVR,0
AAKIALIGAGMIGGTLAA,0
YVMGHFRWDKF,0
GIIKKIIKKIIKKIIKKI,1
KRRWPWWPWRLI,1
KFFRKLKKSVKKRAKEFFKKPRVIGVSIPF,1
LKQFVKFIHRF,1
KILRGVSKKIMRRILTGKK,1
MLFKKISKFVGWLSGSSVGSITSKTHE,0
MPLSWFFPRTWGKR,1
KRRKLAFRAFRFALKAVLKK,1
PPGETPTPVSDLWPPPSYQGRPSRQGHPP,0
YQRSRYYYYGPPDDIDDRY,0
ALWMRWYSPTTRRYG,0
FLSMIPHIAGGIASLVKNL,1
ADSRNPLEEEFRETNYEEF,0
GTGSCGYGKLHTGYWCSYFP,0
FGNQQQLKSVADIVINHR,0
DADIAVWAPPVNAQN,0
FLPAIVGAAAKFLPKIFCAISKKC,1
KWKLFKKLPLIGRVL,1
VTIGPVCELPKEVGGPCRGHIIPRY,0
FVKLKKILNIINSIFKK,1
GIGGKPVQTAFVDNDGIYD,1
GLGSLLGSLFKFIPKLLPSIQQ,0
GRQLRIAGKRLEGRSK,0
EETLSEERVYL,0
KAVVLGKAGGTAELPCQASQ,0
SGSGVRSAKKGGKAQGGQAGVGYKGSTEPG,0
SYSMEHFRWGKPVGKKRRPVKVYP,0
GLPICGETCFTGTCNTPGCSCTYPICTRD,0
QCCGWEWCDDICGCCE,0
GIMSSLMKKLKKIIKK,1
HADGVFTSDFSRLLGQLSAKKYLESLI,0
QGYGFNEPEQTRNQGGSSWEAP,0
KKRYKKKYKAYKPYKKKKKF,1
KKKAARALKRAL,1
HVDKKVADKVLLLKQLRIMRLLTRL,0
ATAEETRRMLHRAADTLA,0
LSAMLEDTENWLYEELSLTQDPVV,0
GGGKDYRVEIVDKHNLRRSVTARN,0
FVGAIAAALPHVISAIKNAL,1
MVLVKTIKKLDGFIECLLMLNYKFLY,0
GVFDIIKGAGKQLIAHAMGKIAEKV,1
KKKKGIGKFLHSAKKFGKAFVGEIMNS,1
REVCELNPDCDELADHIGFQEAYR,0
MLKSEVSKQISMPLTAPAF,0
VKGSWSKKFEVIA,1
FLAKKVGKQLASHLAKKQLE,0
RRRPRPPYLPRPRPPPFFPPRLPPRI,1
RLSGQTIEVTSEYLFRH,0
FLPVIAGVAANFLPKLFCAISKKC,1
DKGRYLEAPTRPRPERNRK,1
LRFAKKALKKLF,1
MWKKPAFIDLRLGLEVTLYISNR,0
TALPQLRLPATSRILCAGVLEGGIDTCNR,0
SDLTWTYQSPGDPTNSKN,0
HYQEVPRQIQEKLIKGQ,0
MPARALIDLQALRHNYQLAAEVIG,0
WKKIWSKIKKLLK,1
RREAEPEAEPGNNRPVYIPQPRPPHPRL,1
ILGPVISKIGVVLGGLLKNL,0
KWKSFIKKLASKFLHSAKKF,1
AVLSWLPKEEQIGKWSTRGRKWWRRKK,1
FLPFLASLLTKVL,0
ATYTLPEPPYDYAAL,0
GLFDIWKWWRWRR,1
NLGKQWAVGHFM,0
CLLKKLLKKLLKKC,1
KKKKVVAATLFLV,0
LRPHPPRPQPIYVPRNNG,1
MWKWFHNVLSWWWLLADKRPARDYNRK,1
MNIVDIAWAALMVVFTFSLSLVVWGRSGL,0
SGDTSSQAKGMWFGPRL,0
MAPRGFSCLLLSTSEIDLPVKRLLSSVF,0
VDKPPYLPRPRPPRRIYNRN,1
RRRLLLLLRRR,1
GLLSKFGRLARKLARVIPKV,1
DVTFSLLGANTKSYAAFITNFRKDVASEKK,0
GFKDGAADRISHGF,0
QSHISKARRPYIL,0
LEAIPCSIPPCFLFGKPFVF,0
HFLGTLVKLAKKIL,1
KWKSFIKNLEKVLKKGPILANLVSIV,0
FFRLLFHGVHHVGKIKPRA,1
NQQSGSETKVVVG,0
GDCPPWCVGARCRAGKC,0
GNNRPVYLPQPRPPHPRI,1
IAGSEEYGKHCFKGAVADAYLAKH,0
RRRFPWVCWPFLRRR,1
RLAMRWYSPTTRRYG,0
FVGAALKVLANVLPPVISWIKQ,0
MKVFVLNGPNLGRLGKREPA,0
GMATKAGTIVGKIAKVALNAL,0
DFIGSSTNVIMVASTTLMLF,0
KSLVRRWRSRW,1
FFPLIAGLAARFLPKIFCSITKRC,1
VKFPGGGQIVGGVYLLPR,0
YRWWRWARRWYRWWRWARRW,1
FLGGLIKPWWPWRR,1
GILDFAKTVVGGIRNALGI,0
SRHPKLYFPGIV,0
IKQLLHFFQRFGGGRWRRLLKKLHHLLH,1
PGGETARKDKFLHMVLPRRL,0
AIGQPAAEAEAPFQISLMK,0
FVNTIRLLINKAREWNNKQSS,0
EDKYTDKYDNINLDE,0
FLKPLFNAALKLLP,1
GSSGLIPFPRV,0
RLCRIVPVIRVCR,1
ATKALTEVIPLTEEAEC,0
EVAPEILDVQF,0
AKYVRNNLETTAFHR,0
MLTAEEKAAVTAFWGKVKVDEVGGEALGRL,1
YTATRDNCCILDERFGSYCPTTCG,0
YKLLKWLLLKLKALLEKL,1
KWKSFIKKLTLKFLHSKKKF,1
HHHHHHTKRRITPKDVIDVRSVTTEINT,0
GTPCGESCVYIPCISGVIGCSCTDKVCYLN,0
HAGDLGNIVAGSDGV,0
NTEAFFGQGTRLTVV,0
LGALFRVASKVFPAVISMVK,1
YRRRRRRGRRGRRRRGRRRRSRGRRRAHGG,0
GLPVCGESCFGGSCYTPGCSCTWPICTRD,0
GKKYRRFRWKFRKGRFWFWG,1
CTQCCAPSTCLNYRIFVGLLRFVVI,0
MLSKGVLSARLFNLIYG,0
KTKQQFLIKAQTQLFKVFGYTL,1
LNWGAWLKHWWK,1
LAYCRRRFCVAV,1
ATGSGGMNLVFVGAEMAP,0
RRRWWWFASASARRRWWWF,1
FILAFLGWIGAIVSTALP,0
FLFSLIPSAIAGLVSAIRN,1
MIIKTLKMSARKRN,0
KLQLPTLDDPVPIGIAPAIT,0
GIGKFLKSKGKFGKA,1
MPNISEIIDSINRRSMAEIIT,0
MKKAWWKEGVVYQIY,0
PKVVGLSIVVVKAKVSSALG,1
AEVPMPLRQLTMTLPDGREESVMERTTLVA,0
AKAGGIGGHVIGQIVGVRIRGLGGNV,1
IKIPPIVKDTLKKVAKGVLSTIAGALST,1
GWASKIGQALGKVAKVGLQQFIQPK,1
CAIEHMRTPLKPFSFGPPYNL,1
CVCVKTTSLVRPRHI,0
NRTFKTNTKCHVKNQCNFLCQ,0
CTPPEGGCLSSYECCSKICWRPRCYPS,0
ASGAKGDHGGAGASTLLT,0
AYPAAHQGYPAHVGYARVGYGGYPSYGYPA,0
ASITHVKNRGKYIYMHLKFRKTNVLI,1
PNYKLTYFNLRGRAEISRYLFAYAGIKY,0
MKYLGTLIKGAAGGAGAYVGEKIYNWYKN,1
DWLRIIWDWVCSVVSDFK,0
MFFKIDLKNHPYLIRLKKQEE,0
GWASKIGQTLGKMAKVGLHELIQPK,0
ATVVAPKYTAIKPLGDRVLVK,0
RRAAVVLIVIRR,1
LQCYSCINQVDCTSVINCTNQDACLY,0
NNIVFYSLGNVNSYQGG,0
NEVDIVGALNADLTQFL,0
FRGHAKGDKKNQKK,0
LKLLKKLLKLLKKF,1
FPVTWPTKWWEG,1
QPHPDEFVGLM,0
NLYQFKNMIQCTTKRSVLEFMEYGCYC,0
AESKKGFLPVIDKKDGYTFLYPFGGQEVSI,0
GDCGCSGASSCTCASGQCTCSGCGK,0
IIAGTARSMGITVEG,0
EAAGLISFPRV,0
AWLDKLKSLGKVVGKVALGVAQNYLNPQQ,1
RKKKIKIIKRLI,1
RLARIVKIRVAR,1
QPSKDAFIGLM,0
ENFSGGCIPGYMRTADGRCKPTY,0
FLGKKVLKAVGKQAAKKQME,0
IKLSPETKDNLKKVLKGAIKGAIAVAKMV,1
RVLQEIKQILK,1
QPPTPPEHRFPGLM,0
MSDELIHVVIALGLVISFGLGAITAGVLR,0
RQIKIAFQNRRMKWKK,0
KRGFLDVVKHIGKAALGAVTHLINQGEQ,0
AAAPDIPIANVNA,0
MLSLIFYLRFPSYIRG,0
QGLFTSDQDLYTDSR,0
MVELKFLIAFFLAFTAGILAIKLGQALYDC,0
GCCSDPPCIANNPDLC,0
LYHFLHWFQRF,1
ILPWAWPWWPWRR,1
NIWKKIFEKVKNLV,1
TESLVLSPAPAKPKRA,0
RPVRPVYIPQPRPPHPRL,1
DSSNLPPNQKQIVD,0
WLRRIKAWLRRKRK,1
LGGDNYGTFSGSNGNNFQHGSN,1
RPPGFSPFRIAPASSL,0
MRLSANRQGNTCAGRSVNA,0
FLSGILKLAFKIPSVLCAVLKNC,1
STLALVLRLRGG,1
RIVFAVLSIVNRVRQ,1
FLPILGKLLSGFL,1
LQPGLEYQYRYSARV,0
APDRPRKFCGILG,1
FLKVVFKLASKVFGAVFGKV,1
GFGMALRLLRRVL,1
KKKKKKALFAAWAAFLA,1
KIAKKIAKIAKKIA,1
MGQFFAYATVITVKENDHVA,0
AAVTCIFMTLFGLSLGFALLKVQGE,0
LKKWLKKWLKK,1
RKKRLKLLKRLL,1
GIHDALKYGKPS,1
HSEGTFSNDYSKYLETRRAQDFVQWLKNS,0
GEAANVMGAPK,0
FFSLLPSLIGGLVSAIK,1
SHYSEGPGQNLPFSVQNKRLLGMM,0
ADGTITFNGKVTDK,0
KKAAAWAAAAAWAAWAAWAAAKKKK,1
FFFHIIKGLFHAGRMIHGLVNRRRHRH,1
FLGSIVGALASALPSLISKIRN,1
SVALQVTVDAVSGSAKEKITAAGTVTELV,0
TVAACNSPKVGLDSDAELVR,0
MQMQEKGWKIIIEEQ,0
MNLLVKCAGKIPALALTWTCRP,0
QTFHYSQGWTN,0
LNWGAGLKHGGK,1
VEQDPYEIVIKQLERAAQYMEISE,0
GLLSGILNSAGGLLGNLIGSLSNGES,0
YKLLKLLLPKLKPLLIKL,1
KLLKLLLKLWKKLLKLLK,1
GLMSVLGHAVGNVLGGLFKPKS,1
FIKHFIHRFGGGIKQLLHFFQRF,1
MIGIADVKLLNLGMLFPFVEVES,0
CCSRDCLVCIPCCPYGSD,0
LEDNGRTHWAVLVA,0
KNNFCQVLYVWLLRLGKQCFVKFSKDVET,1
VSCEDCPEHCSTQKARAKCDNDKCVCESV,0
LNWGALLKHLLK,1
GFGSVLGKALKIGANLL,0
RCVCRRGVCRCVCRRGVC,1
SDDDGTVVLTTSGPI,0
KKWWRRVLSGLKTGPALSNV,0
MDIVSIGWAALMVVFTFSLSLVVWGRSGL,0
KWKLWKKIEKWGQGIGAVLKWLTTWL,1
LKLFKKILKFL,1
DPSPEPFNPNYNRFRQKIPRI,0
KWKLFKKIPHLAKKF,1
GIHDIAKYGKPS,1
HAILMRIRQMMT,0
VKKLAKLVRRF,1
GLLWHLLHHLLHLLHH,1
IIGPVLGMVGSALGGLLKKI,1
AVSCFKACMKKRGIPFVCSVDC,0
MPVCTSRSLQGGKVDTHFPLHVLHSVACDV,0
SVDGKEDLIWKLLSKAQEKFGKNKSR,1
KIAKVALAKLGIGAVLKVLTTGL,0
AKKVSKRLEKLFSKIQNDK,1
ASPENYQYVILNL,0
KFGKIVGKVLKQLKKVSAVAKVAMKKG,1
IYKMGHFRWGAPMDK,0
LIAGLAANFLPKLFCKITK,1
EWKLPDLIINHITLTRRNCNKYRCG,1
NRPTYVPPPPRPPHPRL,0
GLFDVIKKVASVIGLASQ,0
TATTRRRGRPPGFSPFR,0
VDTSRLFLTVVNNPPTVV,0
IRVKIRVKIRVK,1
ILPSKSPSSPSRR,1
GCRALCYKQRCVTYCRGA,1
HFLGTLKNLAKKIL,1
AITAEPVGTPETLEYRVFIQKDGK,0
GLWSKIKDAGKAVLKAAGKAALGAVTDAV,0
MHVSTFQALMLMLAFGSFIIALLTYIKKK,0
FKTWKNRPILSSCSGIIKG,1
YLFQTWQHLFR,1
CGGYCGGWKRKRCTSYRCG,1
NLLQFENMIRNVAGRSGIWWYSD,0
DDASDRAKKFYGLM,0
AKKVFKRLEKLFSKIWNDK,1
SPPFTSDQDLYTDSR,0
VQWRIRVAVIRK,1
FLGAWFKVASK,1
LEAIPMSIPPAVKFNKPFVF,0
MHKRPTTPSRKM,0
GILDSFKDVAKGVATHLLNMAKCKMTGC,1
SEPHLPFPVLPH,0
AVNIPFKVHLRCKAAFC,1
QGDGNFVIYTWKP,1
NYPTQDSTMDKTFANNL,0
KNVNSIVKIQAFFRARKAQDDYR,1
APLTNEYLNHLCHKC,0
PPYNLNSHTQEYSKPEDTFD,1
MIYSTEVVNMNM,0
MITDSQIFFALCIALTAAVLAIGLGRQLYV,0
MENVMSWFNIDFEIKSDNNIDKTLL,0
GWASSIGSILGKFAKGGAQAFLQPK,1
KWKSFIKKLTSAAKKVLTTGLPALIS,1
TDPGHLQDVVAINDPKGVFVNRK,0
FLGELWNVWKSVF,1
FKRLKKLFKKIWNWK,1
STSYAGAVVNDL,0
GCRRWKKFRWRYRGKFWFWCG,1
GKWMSLLKKILK,1
MFKMKFGDTLPRSDFGTGGNKQAPGLELG,0
DGDALLKPCKLGDMQKLSSA,0
QNARIAVVYFAGY,0
DKNAYGIDLIL,0
GKWWSLLKHILK,1
ASGPCFPNPCQNDGECHVIDDSHR,0
FPVTWKWWKWWKG,1
MKEPKSNIRKLIDIGGLIGR,0
GRILSFIKGLAEHL,1
FIGAILPAIAGLVHGLINR,0
GVQKSEVVITSA,0
MIINHNMSAINAQRVQGVTGVTKNMV,0
GHKLGEFAPTRTFRGHKKEDKKVKR,0
MMKHVIILVILLVISFQAY,0
RKRFARFAKRAV,1
FLKGCWTKWYSLKPKCPF,1
ASVPPGFTPFRVAPEIV,0
APVPFSCTRGCLTHLV,1
MRKWFHNVLSSGQLLADKWPAWDYNRK,0
GLARIVVIRVAR,1
GIMDTIKDTAKTVAVGLLNKLKCKITGC,0
ADGSDPASGEFLTEGGGVR,0
GLMDTIKGVAKNVAASLLEKLKCKVTGC,1
SIPCGESCVWIPCTITALAGCKCKSKVCYN,0
FLPMLAKLLSGFL,0
YSKSLPLSVLNP,1
TGVNYGQLGNNLP,0
MKLRKILKSMFNNYCKTFKDVPPGNMFR,0
AYGGDGGAYYEWSPA,0
PVIGKLASKVVPSVFSMIKR,1
GLWSKIKDVAAAAGKAALGAVNEALGEQ,0
ALWKTMLKKAAHVGKHVGKAALGAAARRRK,1
GCCGKYPNAACHPCGCTVGRPPYCDRPSGG,0
KKDLTEVTHKVYFDVEIDGKPAGRIVMGLF,0
INWLKLGKKMMSAL,1
GIGAAILSAGKSIIKGLANGLAEHF,0
FLPIPRPILLGLL,1
ANPICPKIPNPTIRISGRNDLCVDVK,0
HTGRSGPATGHSGHSSTHGS,1
FLPPSPWKETFRTS,1
VIGGSDTTIGQYPHQLSLR,0
MLSLIFLHRLKSMRKRLDRKLRLWHRKNYP,1
SGQSWRPQGRF,0
WLGSALKIGAKLLPSVVGLFKKKKQ,1
FLSTLLNVASKVVPTLFCKITKKC,1
RFRPPIRRPPIRPPFRPPFRPPVR,1
LLGMIPLAISAISSLSKL,1
FLPKLFAGIISKNF,1
LKLKDILGKIKVILSHLNK,0
KKKKWKLFKKIGIGKFL,1
GSTGLISFGRT,0
MDIITLGWVGVLSVFTLSIAFVVWGRHGM,0
MNGRPSVFTSQDYLSDHLWRALNA,0
GICPRILMECKRDSDCLAQCVCKRQGYCG,0
DVLELTDENFESRVSSDTG,0
SLRKMHALGET,0
RLVMRVYSPTTRRYG,0
AEVYNKDGNKLDIYGKAVGLHYFS,0
NLLQFNKMIKIMTKKNAIPFYSS,0
NALSSPRNKCDRASSCFG,1
GKWMTLLKHILK,1
AKKVFKRLGIGAVLKVLTWG,1
ESQKVQGDVIGVDLGTTYSCVA,0
FLPVIAGVAAKFLPKIFCAITKKC,1
RIRMIQNLIKKT,0
MKTKAAVLFETHKPFEIVELEL,0
KRRGSVTTRYQFLMIHLLRPKKLFA,1
AGLPPEEKPKLCDAACE,0
FLGVVFKLVSKVFPAVFGKV,1
VATFTLPDLPYDYGALEPAV,0
DLQCAETCVHSPCIGPCYCKHGLICYRN,0
INVLGILGLLGKALSHL,0
KKKIIIIIIKKK,1
LKLKLKLKLKLKLKLK,0
SKVGRHGRRFGHRAHRKL,1
IKISGKWKAQKRFLKMSGC,0
SGLLINQPKYSWLKELGL,0
FRVTWRTKWWKG,1
MNKVTDLRSAIELLKTIPGQLIETNDV,0
ADLEVVAATYVDVA,0
SAIHPSSILKLEVICIGVLQ,0
FRFRCRRRFCRFRF,1
MQWTKPAFTDLRIGFEVTMYFEAR,0
FLPIVGLLKSLLK,1
MPFKLFDVSKPIPERKEHTYVKHCGDP,0
GIWCDPPCPKGETCRGGECSDEFNSDV,0
ETISFNFNQFQQND,0
WFVLLTITVLR,0
AKDVFGDARAL,0
FFGDFGNISSAAAITGNPK,0
MDLITITWASVMVAFTFSLSLVVWGRSGL,0
TRSSRAGLQFPVGRVHR,1
GRCCHPACGPNYSC,0
QVFTLIKGATQLIRKTLGEQ,1
PKLKTFLSKWIG,1
RRKKAVLLALLAP,0
GFIGKLASKVVPSVYCKVTG,1
APPGFTPFRSK,0
HRKKHHGKRNSNRAHQGKHETYGHKTPY,1
GSQLVYREWVGHSNVIKGPP,1
LLPIVGALLKSLL,1
TCSPAGEVCTSKSPCCTGFLCSHIGGMCHH,0
DMYSDNLGLCDN,0
DVNWPLGWPVGGYPG,0
PQISRQEYGGLFGPT,0
SQTQSFNFNKFEQNK,0
GTAALTEVIPLTEEAEC,0
LGLLLRHLRHHSNLLANI,0
MYIFITHFFTEYVILKYLLPI,0
TFDVCYEQLFFVGGNWK,0
KWARLWRWFRITRWLWYIK,1
MLVLYRKRFSGFRFYFLSIFKYII,0
SIPASQKANLGNQMIMAVACYQN,0
VVYTDCTESGQNLCLCE,0
ATIEVYNILPYYYYVSKAWSWNGN,0
ADLIQRRQRSEFQSDIKGILYTVIKKNPDL,0
GLFAVIHKVASVIGGL,1
GVIDAAKKVVNVLANLF,1
QSPAGQSRCGGFLVREDFVL,0
YLKGCWTKSYPPKPCFSR,0
MAWKTPRYDETPVGMEINMYACAKRK,0
INWKKLGKKILGAL,1
VRRFAWWWAFLRR,1
NGLCCSQYGFCGTTSAYCSRANGCQSNC,0
RRIPRPILLPWRPPRPIPRPQPQPIPRWL,1
KIGKAIKWGKAIKIGKAI,1
FILPLIASFLSKFL,1
FPIEEDKIVGGYECPKHVPW,0
MIPAAFDYVAPSTVDEAVQAL,0
KKKKKKKKKKAAFAAWAAFAA,0
QVWNPIGQPKFETF,0
KKLKKLKKKWKKLKKKLK,1
LGGAATGVIGYISNQTCPTTACTRAC,1
FLPFVGRIASKVVPSVIGKV,1
PAWLVDCPCVGDDVNFILTRGQK,0
SANAKNDFMRF,0
SKCRIGKDGFYSVTCTEKENLCFTQF,0
SVNTKNDFMRF,0
FLPLVLGALSGILPKIL,1
DYTIRTRLHQELSRKVL,0
INWLKLGKQILGAL,0
GLMDTVKNAAKNLAGQLLDRLKCKITGC,1
VTSITLNLANPTAGQYSSFVDKIRNNVRDP,0
EVIAQLTMIAMIGIAGPMIIFLLAVRRGNL,0
MIYSTEVSNMAGV,0
CENTISGCSRADCLLTHRKQGCQKTCGLC,0
GCSRWIIGIHGQICRD,1
KKPKLPWLPKK,1
TMSLRFWRWKVR,1
FIPLVSGLFSRLL,1
KKLFKKILKYLKKLFKKILKYLKDEL,1
SFDRMGGTEFGLM,0
LLIILRRAIRKQAHAHSK,0
SAVWRHWRRFWLRKHRKH,1
FVVETENQLMSQGGRYYILPVIYGKGGGLG,0
GIMNTVKDVATGVATHLLNMVKCKITGC,1
APPQPSDNFIRF,0
FIKELLPHLSGIIDSVANAIK,1
FLPLILGKLVKGLL,0
KKKKVLLATYVLV,0
MTPHDEEVDSSD,0
SNQPQHFGDGTRLSIL,0
MDSVTIAWAALMAISTFSLSLVVRGRSGL,0
SNTKQPTPLGGVIFA,0
KWKLFKKVLKVLTTG,1
QQDYTGSHFDF,0
IIGPVLGLVGKALGGLL,1
GWFKKAWRKVKNAGRRVLKGVGIHYGVGLI,1
MTVRECCSQPPCRWKHPELCS,0
AADDVTVVIGSAAPMSGPQ,0
APGLFELPSRSV,0
ASDVTLNSFAEDVTVGECCDCVDLTTVY,0
QGPSPRHPIPP,0
FLPVIAGVLSKLF,1
FLPLIASVAANLVPKIFCKITKKC,1
QHSTDYDEVEDDRAKLHLDAR,0
TSHGGGKAGKSKLLDVNY,0
GVFCGEACAQASCSIAGCECIAGLCYKN,0
MIRQKIFVFIVKSRRNSICPAIRRKEDY,0
QDPQSETDYSQLSGEWNT,0
FWSFLVKAASKILPSLIGGGDDNKSSS,1
IVGGQEASPGSWPQVGLFF,0
FPVDEEFQSPFGSRSRGYFLFRPRN,0
IDASTATGDSPVFTATIK,0
PPRLRKRRQLNM,0
LLIRAAKKFIKK,1
ATSAAQGAALDESVRKVLKP,0
FENEDEGYFQDPEDCS,0
RRLRRLLRRLLRRLRR,1
MKCNKMNRVQLKEGSVSMTL,0
ADDRNPLEECFRETDYEEFLEIARNGLKKT,0
AHSDAVTPLPARSKV,0
GLADYWRTAFRANFANLGPGIRCKSARC,1
GLWETIKNFGKTFTLNILDYTK,0
NQDCLSDWSFYEQYCYKVF,0
RGGRLCYCRPRFCVCVGR,1
MGLGLHLLVLAAALQGAKKKRKV,0
APQDLSGKMFIFPQETSTANVLTARSQDF,0
ILPWKWPWLPWKK,1
KEKLKLKCKAPKCYNDKLACT,1
NLYIQWLKDGGPSSGRPPPS,0
DVPDSLDWRQELVRK,0
MEVGKLGKPYPLLNLAYVGV,0
GLWSKIKETGKEAAKAAGKAALDKIAEAV,0
KDALEHTGFAPKKDGEEHVEWNYN,0
DSIRDVSPTFNKIRRWFDGLFK,1
RFRRLRDKTRDRLKKI,1
MVINNNISAINAQRTLKFRQVDLKK,0
KLLQTFNQIFR,1
GILMDTFKGAAKNVAGFLLDKLKCKISGGC,1
PPLNNCLLLGTEVSEALGGAGLTGG,0
GFGCYRSCWKAGHDEETCKAECS,0
MKNPRVHEIATAMIDAVRKVLVDHQ,0
ARPPGFSPFRIV,0
GSSGLISFPRN,0
FVPFFTQSDIQKMQEKERNKGQ,0
FKTFLKWLHRF,1
ELISNSSDALDKTNNSLTIIDSGIGMTK,0
LNWGAILKHKIK,1
GNNKPVYIPRPRPPHPRLV,1
ELPVNFYALNLTADNINIGY,0
SSEAAPEEKVAILGA,0
ASNVPKELVEKGQNRV,0
WHWTWLPKKKRKV,1
LPQNIPPLTQTPVVVPPFLQPEVMGVSK,0
RGDLLRHVVKILEKYL,0
LLGPVLGLVSNDLEVYLKIL,0
GASGLIPFPRL,0
MQLVLAAKYIGAAIATIGLIGADDKTSNM,0
ACWWAGIKQAF,0
GLFDVIAKVASVIGGL,1
MPGIAFKGKDMVKAIQFLEIVVPCHCTT,0
FLPLLAGLCKITRKCAANFLPKIF,1
SASSGESSGMWFGPRL,0
FANTIRLLINKVREWKNKQSS,0
SFPFFPPGICKRLKRC,1
MMKLVIILIVLLLVSFAAY,0
APVENQGSFPKMFPRGSHWAVGHLM,0
FLNPFRWMINKYREWKNKKN,0
RKKKVKLLKRLV,1
GIHAILKYGKPS,1
WVPKRPSVCTMTKWQ,0
MKAIMVLFYVMTLTIIGSFSMLLQKAKERQ,0
DEGHDPVHESPVDTA,0
GAKYAKYIYNFYKYIAKYIW,1
GIMDSVKNAAKNLAGQLLDTIKCKITAC,1
MKYFFMGISFMVIVWAGTFALMI,0
GIFGKILGVGKKTLCELSGMC,1
WKSYVRRWRSRY,1
MNRVQFNHHHHHHPD,0
GLKALKKVFQGIHEAIKLINNHVQ,1
RLKVIPEKLKDVKLVCTDVFGDN,0
GFMATAKNVAKNMDVTLLDNLKCKITKAC,1
WILHDWDEDKPYYNTI,0
GKAFDDGAFTGIREINLSINKETAIGD,0
MPSQKSPTKRSPTKRSPQKGGKGAKR,0
KDVTVSQVWFGHRYS,0
RWRWNRRTGRWRWY,1
APSDTTIAETLTITEEFFPD,0
VDNANDLLSKVKKDKSD,1
LKWLKKLLKKL,1
MRWQEMGYIFYPRKLR,0
GPIRRPEPRPRPE,1
SLWETIKNAGKGFIQNILDKIR,1
LLGMLPVALSALSALSKL,0
KIKSCYYLPCFVTS,0
KWKKFIKSLTKSAAKTVVKTAKKPLIV,1
AFLTLTPGSHVDSYVEA,0
VVFKLASKVVPSVYCTITKK,1
TLISWIKNKRKQRPRVSRRRRRRGGRRRR,1
KWKLFKKIGIGKFLHSAKKF,1
SWLAYPGAVSYR,0
FFVLKFLLKWAGKVGLEHLACKFKNWC,1
KKKKPVAATYVLV,0
GCRRLCWKQRCVTYCRGR,1
GVFCGEPCIKASCSIPGCECIAGLCYKN,0
SAVWRRWRRFWLRKRRKR,1
SCTTCVCTCSCCTT,0
QNSAAAFGAWA,0
LAAKLTKAATKLTAALTKLAAALT,1
AVFVILTNVYT,0
MHLQLIKDNIHSVVICYT,0
KAWFVLSMRAVGGLFVDLWTSVAKTVKGWL,0
SALGRVASKVFPAVYCSITK,1
KRRLIARILRLAARALVKKR,1
VEDYLEKSKANLELNDKKT,0
GFVALLKKLPLILKHLP,1
KGIRGYKGGYCKGAFKQTCKCY,1
ILPWKWPFFPWRR,1
HAEGTYTSDVSSYLQDQAAKEFVSWLKTGR,0
LPEKDSWTVNDIQKLVGKLN,0
DPQVPYFIFGDSLYDNG,0
GSAFCGETCVLGTCYTPDCSCTALVCLKN,0
GEDEYAEGIREYQLIHGKI,0
KLVQQLKNIFR,1
MARRGFSCLLLSTTATDLPVKRRT,0
FLGAIAAALPHVINAVTNAL,1
MSEALWTAWTQW,0
ACGPGCSGSCRQKGDRIKCINGSCHCYP,0
MGQEQDTPWIL,0
VIHGLLKRIKTLL,1
GIPCGESCVYIPCTVTALAGCKCKSKVCYN,0
ADIENGEDIFTANAS,0
YHYYNPEENHFCATWDASKP,0
FLGSVFKSASKVFPAVFGKV,1
DQAEHLKTAVQMAVFIHNYKA,0
GSLCGDTCFVLGCNDSSCSCNYPICVKD,0
EQCGNQAGGVPPNG,0
RERSKGSKYLYVG,1
ADETCTDLTILTTQYIAGDFD,0
DSGSSRDPGASSGGC,0
LTYDEIQSKGGSTGYDNAVALPAGGR,0
IPSRWKDQFWKRWHY,0
FLPLLLAGLPLKLCFLFKKC,1
ANQTYFNFQRFEETN,0
LQKYYWRVRGGRWAVLS,1
GQNFTSDKDLYTDSR,0
AAKIILNPKFRCKAAFC,1
RWRRLLKKLHHLLHSATFIKHFIHRF,1
SFREQCVPGREITYECLNACAEYAVRQ,0
GFMDTAKNVAKNEAGNLLDNLKCKITKAC,1
KKPVVAVTGAAGQIGYA,0
NIWKKIASIAKEVLKAL,1
STLHLVLALRGG,1
GLLDGLLGGLGL,0
FWGFLGKLAMKAVPSLIGGNKSSSK,1
GLFDIIKNIVSTL,0
GIGGKILGGLKTALKGAAKELAFTYLH,0
GLFAVIKKVAAVIRRL,1
ETFSDWWKLLAE,0
AATAATPATAATPATAARA,0
TLVGVVAKLVATKIGSSPRA,1
APEESPKRAPSGFLGVR,0
FPLTCPTKWWKG,1
DFWEVQLGIPHPAGLKKKKS,0
SVPAFGHYLPAP,0
GFFALIPKIISSPLFKTLLSAV,1
NFGYDLYRVRSSTSPTTN,0
PRHHWTTQDCNCSIYPGH,0
DRVFKFACRRNKAAR,1
FLPAIFRMAAKVVPTIICSITKKC,0
ADVPGNYPLNSYGASYYCTI,0
IILELAAVDSASGKLLINGNFK,0
QNGPRPIGIPP,0
AAVALLPAVLLALLAPVQRKRQKLMP,0
VTPDGVNTATNA,0
PAWRHAFHWAWHMLHKAA,0
TKKTKLTEEEKNRL,1
GRFKRFRKKFKKLFKKLSPVIPLLHLG,1
SVINTQIKPFKTQAFKNGKFIEVTE,0
LVKDNPLDISPKQVQALCTDLVIRCMCCC,1
GLWSKIKEAAKTAGKAAMGFVDEMV,0
MKAPSGAFLLGVYSMDTHILR,0
HSDGMFTSELSRLQDSARLQRLLQGLV,0
INWKKLLDAAKQIL,1
GMASLLAKVLPHVVKLIK,1
LLGDFFRKAKEKIGKEFKRIVQR,1
LWETLRRGGRWILAIPRAIL,0
ATDYEDEEFPGAVPPSVGAR,0
VVVTLASGLEMCDTTTDGGGWTIFQ,0
WDGYFVEVIVRFNP,0
DGRKICLDPDAPRIKKIVQKKL,0
QAIVSKARRPYIL,0
KKKKLLLPFLVLF,0
NKLKPSQWISL,0
FLPLLAGLAAKWF,1
LSNTLAELYVREHLR,0
GIRGNCCMFHTCPIDYSRFYCP,0
CKKLLKLLKKLCKLAG,1
AISGLTPCKESKQFAKREKQ,0
ARPVKEPRSLSAASAPLVETSTPLRL,0
RRWCFRVCYRGRFCYRKCR,1
FLSSIGKILGNLL,1
DKPTAFVSVYLKTAL,0
KQIKIWFQNKKMKWKK,1
AGLDLGAASFGALAFEGVA,0
KMDSRWRWKSSKK,1
ARPVKEPRGLSAASPPLAETGAPRRF,0
GFMKYIGPLIPHKVKAISDLI,1
GTACGESCYVLPCFTVGCTCTSSQCFKN,0
GLGNNAFLGVR,0
IKKIWSKIKKWLK,1
GRRRRATAKYRTAH,0
MGDCGCSGASSCNCGSGCSCSNCGSK,0
KLALKAALKAWKAAAKLA,1
GAAILTNDNAMDALQDL,0
TQSTGTSQTVEVGLWGGPDN,0
RRPWRWPRWPWRR,1
MNNSCLSQSTQWWWRAN,0
KWKKFIKKIGIGAVLKVLTTGLPALKLTKK,1
AGKARKQLSKNEDTKLKEQYID,0
MIRIISRANSVTSSNEVNRLVTGQIPHD,0
TDVILMCFSIDSPDSLANI,0
SDAVANGVHAISGVVDS,0
GLGNNAFVGVR,0
TPPAGPDVGPR,0
AVTSSVADTTTVVRDDF,0
CSGIIKQTCTCYRK,1
FLPILAGLAANILPKVFCSITKKC,1
PKLLKKFLKKWIG,1
EWVQKYVSDLELSAWKKILK,0
VFHLLGKIIHHVGNFVYGFSHVF,1
KFKVVTTFTVIQDIAQNVAGDAAT,0
DTHKSEIAHRQPDLG,0
LGIYSDAGTQTCSK,0
INWSSIFESVSNLV,1
NNYTSLIHSLIEESQNQQEKNEQELLELDK,0
APVPGLSPFRVV,0
GLLQTIKEKLESLESLAKGIVSGIQA,0
GFMDTARERCKEPVMQRIAICRYLTQKKN,0
MPKTRRRPRRSQRKRPPTPWP,0
MYSYIYKALLYHGYEKFDLDIWEYFNK,0
GVLSAFKNALPGIMKIIV,1
AVPPRYGYTRG,0
IKIMDILAKLGKVLAHV,0
CIGAVLKVLTTGLPALISWIKRKRQQC,0
AQAAPVPRPVLSKKTDSF,0
TLPFAYCNIHQVCHYAQRNDRSYWL,0
AYPGSHISGPNGFMDVK,0
GLPTCGETCTLGTCYVPDCSCSWPICMKN,1
MNERVKQVASALVDAIQKTLTEQRV,0
GLFDIIKKVASVVGLASQ,0
LRKLRKRLLLRKLRKRLL,1
IVGGFTIGIDTVPY,0
ILGPILGLVSNALGGLL,1
SASPGLPKGEKEQQEAIEHIDE,0
EIQNAGLYAILR,0
WRWWKVWRWVKW,0
FLPLIGRALSGIL,1
KKKKLLAPFLVFF,0
LKNVGKEVGMDVVRTGIDIAGCKIKGEC,0
GLPVCGETCTLGTCSTQGCTCSWPICKRN,1
EYPVVFVKGLFPGKG,0
GLLGSIGNAIGAFIANKLKP,0
ILPWKKPKLPWRR,1
PVVGRVASKVFPAVIGLVKK,1
SGANVLTFGAGSRLTVL,0
SNTALRRYNQWATGHFM,0
QSGALLSEQCCHIGCTRRSIAKLC,0
MGEVFAGGFALLVVLFILLIIIGASWLY,0
ESQFSRDFLNF,0
FMGSALRIAAKVLPAALCQIFKKC,1
EAPVGFTPPELDPSTPSPIFGGSTGGLLR,0
GWGRFFKKAARVGKRVGK,1
GIGAVVKVLTTGVPAVISWIKRKRQQ,1
MDLSRIPPQPKAGILNVLIEIPAGS,0
DYVTVKGFSPLRKA,0
GECCTDCAQTAAANYC,0
ILGLVISTIGNVLGGLLKNL,1
MTRVQFKHHHHPD,0
RVDSADESNDDGFD,0
QGGWPRPGPEIPP,0
GIGGALLSAGKSALKGLAKGLADHFAN,0
GLFDVIKKVAAVIGGL,1
KRFKKFFKKLKNSVKKRAKKFFKK,1
ILPWRWPWWPWRR,1
ALYKRLFKKLKKF,1
GIVEQCCHKPCSIFELQNYCN,0
RKAFRWAWRMLKKAAPSITCVR,0
SQISLRGSNLTI,0
NLLGSLLKTGLKVGSNLL,1
LRALAKALKHKL,1
FFPALISCVVLKDC,0
WIQPATAVIPYVAYL,1
FLSLIPHAINAVSAIAKHFG,1
SVYYGSIEAGGTKFVLAIADEHFNI,0
GLWNKIKEAASKAAGKAALGFVNEMV,0
MFEFTNRLQQALSDAQSL,0
QVSLKYPEGKMYSFGL,0
KWKSFIKKLTSVLKKVVTTAKPLISS,1
MRELIRLVSSAGTGHFYT,0
FGKGIGKVGKKLL,0
HVGGDECNINEHRSLVAIFVFTEFF,0
VFQFLGKIIHHVGNFVHGFSHVF,1
SGLQFAVMDGQGFLPFPRV,0
GKWLSLLKHILK,1
SVDMVMKGIKLWPL,0
GCWLCLGPNACCRGSVCHDYCPS,0
MKYINCVYNINYKLKPHSHYK,0
RVIGPLFKGKSL,0
LKCEWDGLVGTRGEIAKETIER,0
KKLKLALAKLAPLWKALALKLKKA,1
GFFDRIKALTKNVTLELLNTITCKLGVTGG,1
MLRNRARRLDYKIMR,0
FLAKKVAKKLVSHVAQKQLE,0
CPCGRRRCCVRGLNVYCCF,0
HSDAIFTDNYSRFRKQMAVKKYLNSVLT,0
QFPTDYDEGEDDRPKSGLGAR,0
YGGFLRRQFKVVTRSQENPNTYSEDLDV,0
FLPILGNLLSGLL,1
DSGLLDYTEVQRRNQ,0
LVKKLLKLAMGFG,1
KRRLALFRAFRLALKSVLKK,1
TFFRLFNRSGGGFKKFWKWFRRF,1
KKAGKIAKKAGKIA,1
AEVAPAPAAAAPAKAPKKKAAAKPKKAGPS,1
FLSLIPHIATGIAALAKHL,0
SSSIFPPWLSFF,0
GLLSGILGAGKHIVCGLSRLC,0
FLGKVFKKASKVFPAVVGKV,1
LSGKPAKHLSVGEQAIAMT,0
VVKCSYRLGSPGSRCN,0
LRIVKLILKWLR,1
TSFLNELNKYNEKKFI,1
GVITDALKGAAKTVAAELLRKAHCKLTNSC,1
LAKTVPLNDGTNFPIFGG,0
MPRRRRIRRRQK,0
KLLQTFKQIFR,1
MDPTVGWIALLAFFVVSIALVVWGRNGF,0
HHDHHAAVGGGGGGGGGA,0
MKRISTTITTTITTTITITITTGNGAG,0
MGIIYLILFLIVIYLLYRILDVLEQK,0
MNNPVCLDDWLIGFKSLCCTLAVIALLII,0
GKLFKKILKIL,1
FFPLIPGVRCKILRTC,1
GSGILILIKRK,1
TCRSSGRYCRSPYDCCRRYCRRITDACV,0
LQKYYARVRGGRAAVLS,1
GMATKAGTAFGKAAKAIIGAAL,1
NLMQFELLIMKVAGRSGIVWYSDY,0
SYEQYFGPGTRLTVT,0
GLWSTIKNVAAAAGKAAIKL,0
MSMGIAARPPRAALLPPPSVPRSR,0
FCNINNVCNFASRNDYSYW,0
KWFRVYRGIYRRR,1
RILKELKNLFK,1
GLVASIGRALGGLLADVVKSKEQPA,0
CYSRPLVSFRYEDQG,0
FLKVVFKKASKVFPAVFGKV,1
GGCCSHPACQNNPDYC,0
SMLSVLKNLGKVGLGFVACKIKKQC,1
PVKVYANGAEEESAEAFPLEF,0
AALRGCWTKSIPPKPCPGKR,1
NLFQFARMINKKLGAFFNYI,0
GNGNLLGGLLRPVLGVVKGLTGGLGKK,1
INWKKIASIGKEVLKAI,1
DINGGGATLPQALYQTSGVL,0
EVVRSNNFDPSKLSGKWYSILLASDRKE,0
GGKCKNGDCVCR,1
PYSLKNGENWLLSEEIIRYP,1
KKWKIVVIKWKK,1
GIPCGESCVWIPCLTSAVGCSCKSKVCYRN,0
APQEPNQFQLLKYH,0
AAALSQAADNLR,0
MMRLVIILIVLLLISFSAY,0
VKMELDGGVASNSR,0
AAKPLDKSSSSLHHGYSKVHVP,0
VKNLAELVHRF,1
KKAAAIAAAAAIAAWAAIAAAKKKK,1
MHAISLHSLAYRRFARNVSLSMLLLMR,0
AMAGTATVQGQGTR,0
GGETSGETKGMWFGPRL,0
ILPWKWAWWPWRR,1
FIGPVLKIAAGILPTAICKIFKKC,1
RIKRFWPVVIRTVVAGYNLYRAIKKK,1
IKWAGKLFKLFK,1
FDESFGFQGPSTYEKTPLGEPA,0
LLFGKIISRLLGN,1
ATVKVTLVKSLNGRIANHKAVGL,0
KRLFRRLLFSMKKY,0
GCCSHPACSGNNREYCRES,0
DAQEKRQPWLPFG,0
VRIHISGSSLGWLIQLFRKRIESLLQKS,1
TDVKESEFIAEGAVGR,0
SHGKQETDEEFDARWVTYFNKSDI,0
VVGGDCIPQVPFLAFLYSEYFC,0
HSDLPSGVYDPAQA,0
MTVKIAQKKVLPVIGRAAALCGSCYPCSCM,0
GVVGKLASKVVPSVFGSFTK,1
FLGGVFKKASKVFGAVFGKV,1
EAEPKPFNPVCYEPKEVGPCKAYVP,0
IIPLPLGYFAKKKKKKDPVPLDQ,1
RICPRIWMECKRDSDCMAQCICVDGHCG,0
FLGVVFKGASKVFPAVVGKV,1
ISDDIQSIIQGIF,0
WRWRCRRRFCRWRW,1
ARRRRRHASTKLKRRRRRRRHGKKSHK,0
PAASESGFRRDP,0
AKKVFKRLPKLFSKIWNWK,1
MISDTQIFVALILALFSFVLAIRLGTSLY,0
KVFIATLVVSSFLLAKPPRV,1
YKLLKLLLPKLKGLLPKL,1
MIAPIFAELAKTVGADKDGLPTLVAK,0
ARILMRIRQMMT,0
GVVVRWGRVIVRGVRR,1
RWKIFKKIEKMGGSYCNRRTGKCQRM,1
FLKGIVGKLGKLF,1
FPLPCAYKGTYC,0
VVGGKPAKLGAWPWMVALGF,0
KKYRYHLKPFCKK,1
MHPVLRQMRPQQQAPSQQQPQKALLAP,0
QASTDYDDEDESTVPEAR,0
GRADYNFGYGLGRGTRKFFNGIGRWVRKTF,1
TAKVVVFVSFSYVVPKKRAC,1
GKPTCGETCFKGKCYTPGCTCSYPLCKKD,0
SHTCEICAFAACAGC,0
MSKRAMKKIIPLITLFVVTLVG,0
FLSLIPHIVSGVASLAIHFG,0
IRWRIRVWVRRI,1
GVAFDDGSYTGIREINFEYNRETAIGGQV,0
LKLKSIVSYAKKVL,0
MTDAQVFTILAIALVPAVMALLLGSALARS,0
FLPFIAGMAAKFLPKIFCAISKK,1
KWCRCVCRRGICYCRCRG,1
TEEGEFLHEGGGVR,0
MSSLWWCFVWLISIPVICLTFTFVMRLL,0
RVKRFWPLVPVAINTVAAGINLYKAIRRK,1
TVSENVVKKVEDVMPIATGHERELAQ,0
KFWKLLKKALRLWAKVL,1
TDHQMAQSACIGVSQDNAYASAIPRDCHGG,1
GAVPAAQFSPRL,0
VRYADENVRTKEAKKK,0
MKTISRQAYADMFGPTTGDRLRLADTELFL,0
MDTVSIAWAALMVIFTFSISLVVWGRNGL,0
GGHRAGLQFPVGRVHRLLRK,1
GLIGSIGKALGGLLVDVLKPKL,1
INWLKAKKVAGMIL,1
IVGGSEATSGQFPYQSFQD,0
FLPIVAKLLSGLLGRKKRRQRRR,1
QLQGKQVSGEVVQKVLQELIQSVAKP,1
GVVDILKGAAKDIAGHLASAVMNKL,1
RSDKPLRIGGIGTVPVGR,0
KCCKKGGPRKCPPEGMTFYERIFRI,0
CGSVFLVGQLFTFSPRHH,0
MAKFELPNLPTADDAL,0
ILPEKEPEEPERR,1
RGSLTHLPLRNISD,0
TDGKEGEFIAEGGGVR,0
AEKKTVTVKQTGSPIK,0
MREKWKKKRSRRLRRKRRKMRARSK,0
MLQMRATLAFLGQTLTYNTSCQRRQK,0
GPMGWVPVFYRF,0
SVGGSGGNDDNFMRF,0
GESWETPETGDEVE,0
QSFGNQWARGHFM,0
WESGDLELFDLVEEVLNFY,0
ILRRWPWWPWRRR,0
FRIRVRVFKRIVQRIKDFLR,1
KPPSKPNNDFHFEVFNFVP,0
KWKSFINKLTSKFLHSAKKF,1
FLGALFKLASK,1
AQAAKQAAKAAKQF,1
GECIWDAIFHGAKHFLHRLVNP,1
MLSKSNNTLFNHDCSLSFCKEKVYSKLLV,0
MTHIVRFIGLLLLNASSLRGRRVSGIQH,0
RIRKPIFAFPRF,0
QNAHPSPKVPP,0
KWNSFIKKLTSKFLHSAKKF,1
KLLKWLKKLLK,1
EDDHDHHHHHHHHHHHHGVGGGGGGGGGGA,0
KPTADFDYIVVGAGNAGNVVAYRTVQAL,0
DFKCPSEWYAYDQHCYRIIN,0
IGAGATSKLVY,0
RYRRKKKMKKALQYIKLLKE,1
NIYYAGVAESGGEFGVYSGSGTVLLPLTF,0
CSCKDMTDKECLYFCHQDVIW,0
LRFLKKALKKLF,1
GIGKFLHKVKSFGKSWIGEIMNS,1
RALATQLPVIPRSQVTFLAPVTRPEK,0
KKKVVVVVKKK,1
TRTPVNVTVTGAAGQIGYAL,0
GIHDILAYGKPS,1
KWKKKKKKPKFL,1
PTSQPRGDPTGPKE,0
FLPLVTGLLSGLL,1
SAIWFWMTPQSPK,0
GGCCSHPACFASNPDYC,0
QGGAGWPPIPP,0
KNWAVLVAGSDGLPNYRHHADV,0
FPVTWGWWKWWKG,1
KKFLHSAKKWLKAFVKLFKNW,1
FLIIRRPIVLGLL,1
FLPFVGKLLSGLL,1
TDPPIHIASLRS,0
FFGSTIGALANFLPSLISKIRN,1
KEEAKVLGTVIGIDLGTQYL,0
DIGTKILGGVKTALKGALKELASTYVN,0
RIRFPWPWRWPWWPPFRG,1
TFFRLFNRGGGKNLRIIRKGIHIIKKY,1
SDTVDIYDAGKILERVII,0
DEPPQTPWDRVKDLVTVYVE,0
LPCCYIGWCSRRCNCGGYRP,0
ILSALLGLLKSL,0
GRKKGVQFDEGAPDDFDPNNPYKKDVAFL,0
QNSPNIFGAWA,0
LICYNDHGYTGKTTETCENGETTCYEKSR,0
AKLDETLTMLKALTDAKGVPGNEREARDVM,0
KVFFEERFEDGWENRWVKKD,0
LVSGCADLTALAAR,0
RQIKKAFRKMA,1
LKGKVVANQYL,0
QIIEANLALRR,0
FTPEDFISAPRRGEAIPDPKGELAVF,0
GSSGGMIPFPRV,0
KLLKQWPIGKLLKKLLKKLLK,1
KFGYRYDSLELEGRSISRIDELIQQR,1
GLFDIWKKLRWRR,1
GLEETVYIYGANMAS,1
FLQHIIGALGHLF,1
NMITGAAQMGAILVAYDSIAA,0
VQGMVYCDTCRSANALGFMR,0
MKVTFQGNEVTLQGKEVKVG,0
CRLTGGKGVGC,0
KKKKVVAATYVLV,0
KLAGLAKKLAGLAKKLAGLAK,1
AEYFQHWGQGTLVTVSS,0
EWDREINNYTSLIHSLIEESQNQQEKNEQE,0
GVFLDALKKFAKGGMNAVLNPK,1
SILSGNFGVGKKIVCGLSGLC,1
AYTGQTGAPWGLA,0
GLFDVIKKVASKIGGL,1
CGGYCGGWHRLRCTSYRCG,1
PGATLQALLVAVAPPPPLGVPKPPG,0
RRRVVVVVRRR,1
FLPIIGKLLSGLL,1
KTGVNKPELLPKEETTVIDV,0
KYPLEKFQNIG,0
MRFLFFLPPSFITSFLYLALYSFPVPYCII,0
VIVKAIATLSKKLL,1
FLGALWNVAKSVF,1
RVCMAIPLPLCH,1
QGGAPWNPIPP,0
ILKKWPWWPWRRMILKKAGS,0
NKKAGLFVVQFPKKY,1
GKCNVLCQLKQKLRSIGSGSHIGSVVLPRG,1
VRLWIRVAVIRA,1
IQCGESCVWIPCISSAWGCSCKNKICSS,1
NVTELIGNTPLVELI,0
KWICRRLWYRGRWITYCRWR,1
AAILQDEYLSGGVVPYVFG,0
MSIIILATISTTQENK,0
RPRPNYRPRPIYRP,1
MSTFQALMLMLAIGSFIIALLTYIEKIDLP,0
AQVESVCPGVVSC,0
RWRWRWFGGGIKQLLHFFQWRF,1
AIHKLAHKLLKKLLKAVKKLAK,1
TPLRGFEGETGHPLE,0
GIPGERGPVGPSG,0
LKWGAILKHIIK,1
HFLGTLVNKAKKIL,1
RWRWRWFGGGLKRFLKWFKRF,1
MKIADQFHDELCRLAAINFEAHVLHG,0
RLLRPLLQLLKQKLR,1
GWANTLKNVAGGLCKITGAA,1
FLPGLIAGIAKML,1
DCLPDWFHYEGHCYRVFDEPKKWADAEKFC,0
NNLETTAFHRDDHET,0
FCCPFIRYCCW,0
ILQKAVLDCLKAAGSSLSKAAITAIYNKIT,0
ATPFGGSSYEGH,0
RRLHLEPAFLPYSVKAHECC,0
GIKKILKYGKKS,1
TNEKLFFGSGTQLSVL,0
KVPCCLGVRDDWCCAGQIQI,0
NLLNDALGTVNGLLGRS,1
KRTKAPFSRVVKFSIDEIRN,0
HPLKQYWWRPSI,1
GMWPKILGHLIR,1
MKLLILFLAALGAASARIRGHTIKG,0
MNNSTKFCFSRFRTGN,0
LLSLALAALPKLFCLIFKKC,1
RLKLLLLLRLK,1
LRFARRALRRLF,1
SKVWRHWRRFWHRAHRLH,1
DAACAAKCLWR,1
MNFQENVTLAMALFTILTSIYFFNKAQQ,0
VCGETCVGGTCNTPGCTCSWPVCTRDGLP,0
GFGALFKFLAKKVAKTVAKQVAKKQME,0
MKQGINGFARRGRL,0
FLPLLVGAISSILPKIF,1
NVDFNSESTRRKNKQKEIVDLHNSLRRVD,0
FSVTWRWWKWWKG,1
GEPEVAKWAEGLREKAASN,0
GLWQLIKDKLKDAATGFVTGIQS,0
NGVCCGYKLCHPCAG,0
GLFKKLRRKIKKGFKKIFKRL,1
VIGVVPLFKGKSQLLDPTG,0
AEAVPPGFTPFRKP,0
MDIISLGWVFLMVFFSFSLSLVVWARNGL,0
ALWKDMLSGIGKLAGQAALGAVKTLV,0
EWEPVQNGGSSYYMVPRIWA,1
GWGSFFKKAAHVGKHVGKAALGAAARRRK,1
RPEGQNYTEGIAVVF,0
KKFFLKVLTKIRCKVAGGCRT,1
DQPGDVKTHKQYDVNYLFFKI,0
GGYKNFYGSALRKGFYEGEAGRAIRR,1
CNDRGGGCSQHPHCCGGTCNKLIGVCL,0
GIGKFLKKAKKGIGAVLKVLTTGL,1
GLRKALRKFRNKIKEALKKI,1
QEADPSSSLEADSTLKDEPRELSNM,0
MEIDVLGWVALLVVFTWSIAMVVWGRNGL,0
RPKHPIKHQGLPQEVLNENLLRFF,1
FLGVVFKLASKVFPAVFKKV,1
DPMPAEDIVDLAYES,0
MVTMVKKWLLLMTFMAGCRGMIY,0
GLLLDTVKGAAKNVAGILLNKLKCKMTGDC,1
SVQARWEAAFDLDLY,0
GFIGDIWSGIQG,0
NVLVPPCSGCYSQSGNTCYYDVYKCPS,0
KKKKVVAAPYVLV,0
RLVRILVSKRPVAIKPYFRL,1
SLVSLNEPKDEIYMESQP,0
GCCSHPACAGSNAHIC,0
MDILSLGWSALMVVFTFSLALVVWGRNGF,0
RVKRFKKFFRKIKKGFRKIFKKTKIFIG,1
FLKALFKALSKLL,1
GNALGKEGLKAI,0
DQAAGVAAIIEIDNIFSESEVISK,0
HSDAVFTDNYSRIRKQMAVKKYINSLLA,0
FLPVLAGLTPSIVPKLVCLLTKKC,1
GIKIAKKAITIAKKIAKIYW,1
LFGFLIPLLPHIIGAIPQVIGAIR,1
ALWKDILKNAGKAALNEINQIVQ,0
TFLVHREWFMDLNLPWSSA,0
DCLPGWSSHEGHCYKVFNQEMYWADAEKFC,0
QPQSHSIELDEVSKEAASTRAALTSNL,0
KQWRIRVAVIRA,1
FLSLIPKAIKAVGVKAKKF,1
SGHTKIKVAVDT,0
YALLIRMIYKNI,0
SRLPPATRDKLADEITFFPA,0
KKKKKKALFALWLAFAA,1
DLARNLGLVDIDDEYDEDSDKEKPIFNV,0
GMWKKILGKLIR,1
PVPDSSFLRDP,0
NLMQFETLIMKVAGRSGVWYYGS,0
GKWMKLLKHILK,1
HSDGTFTSELSRLRESARLQRLLQGLV,0
QSHLSLCRWCCNCCRSNKGC,1
MQDIMIFTIGPA,0
KKPWWKPWWPKWKK,1
GFLSGSTGIEIPGPQL,0
SNSGDLVDAVVPYMGESIS,0
AADIFAKFKTSMEVK,0
SRKQKFDKKFIKLVIVVDHSMVKNNDLIAI,0
NPAGCRFCCGCCPNMIGCGVCCRF,1
VRRYPWWWPYLRR,1
ILGEIWKGIKDIL,1
FMPILPCSRFKRC,0
GTAWRWHYRARS,1
AVDLAKIANKVLSSLF,1
MKTKFVFDLLTPDDILHPSNHVNLIIRPI,0
SAWRACSVTCGKGIQKRSR,0
MIYDSQIYTVLCIALLAGILAIRLGSTLYE,0
QPHPNEFVGLM,0
GIACGESCVFLGCFIPGCSCKSKVCYFN,1
DDALHHLLHHLLHHL,1
ILGAVWNGVKSLF,1
NEQSGKSQTVIVGPWGAQVST,0
NPVDDIIAKPRDIPMNPMIYRSP,0
ARRARKWARRALKLA,1
GCCSFPACRKYRPEMCG,0
FFGSLLKLLPKLL,1
QGIGVGDNDGKRGKR,0
MRAKWRKKRMRGLKRKRRKMRQRSK,0
EMRISRIILDFLFLRKK,0
GLLSNVAGLLKQFAKGGVNAVLNPK,1
NLFQFAEMIVKMTGKEAVH,0
ETPDCFWKYCV,0
GSSGLISMTRV,0
RWRRWWRHFHHFFH,1
MPLEVLGHLSKAFLFLARNNEHSHKKYNQ,0
AKRHHGYKRKFHAKRHHGYKRKFH,1
FQWQRNIRKVR,1
GLGSLLGKALKFGLKAAGKFMGGEPQQ,1
ILGKAWEGAKSLF,1
GIIPIISIIGKII,1
SPATMGFAGVR,0
ILPLKLPWLPLRR,1
MITDSQVFIGLVIALVPAILAFKLGLSLYE,0
ESIVRPPPVEAKVEETPE,0
VFSVKGGKPSVVIKVVVAST,1
CCEEPFCNAGCACCNP,0
PPIVGSIPLGCG,1
RICPRILMECKADSDCLAQCICQENGFCG,0
EITKFPKDQQNLIGQG,0
QAVGWGDPITHWSHGQNQWP,0
RWSVYAYVRVRGVLVRYRRSW,1
FIKRIARLLRKIF,1
LKKLKGRVSRSFLFFVKLRPAKRTLKKRIL,1
GSGADCFWKYCV,0
DGVTDPLEVNVVK,0
LGEFAPTRTYRGHDKKDNKKDNKKGQKK,0
GLFSFLPKVIGVIGPLIHPPS,0
RGSNLTTHPLRNIKDLVVYM,0
LQLLKQLLKLLKQFSATFIKHFIHRF,1
ARICPRILMKCKKDSDCLAECICEEHGFCG,0
GPQREPYNEWTLELL,0
SGSLSTFFRLFNRSFTQALGK,1
CQGRGASCRKTMYNCCSGSCRSGRC,0
RGSNLTHPLRNIGDLFYVGN,0
YGRRARRRARR,0
GIRRILRYGRPS,1
MNVQFTVNGRAASIDVPPNTLLVQ,0
FLKWLFKWLKK,1
VNDGYLDNGLQEGDFE,0
KKKKVLAATYFLV,0
ENFSGGCVAGYMRTPDGRCKPTFYQ,0
VKSTGRADDDLAVKTKYLPP,0
FYEKEGLPAFPMGK,0
KRFKKFFKKLKKFVKKGFKKFAKV,1
GLFKVIKKVAKVIKKL,1
GKPNRPRPAPIQPRPPHPRL,0
HNSSKQWSHWLWHNGIRI,1
INWLRLGRRILGAL,1
AQQHHGYKQQFH,0
FWGLKGLKKFSKKL,1
SHLFQPSLVLDMAKVLLDNYFP,0
GLPALISWIKRKRGG,1
QQRFEWEFEQQ,1
FLPFLLSALPKVFCFFSKKC,1
FPFSLIPHAIGGLISAIK,1
QNQPPDFANPFIIPQNAA,0
SPPAPFVPVPIN,0
FLSGILKLASKIPSVLVQF,0
CYIQNCPRGGKRSYPDTAVPQCIPCGP,0
QCRRLCYKQRCVTYCRGR,1
APKAMHSAKKFGKAFVGEIMLQKKGI,1
DAEFRHDSGYQVHHQKLVFFAEDVGSNK,0
ILENLLARSTNEDREGSIF,1
IIDYYDEGEEDRDVGVVDAR,0
IYVRPTKDELLYCGEFRELGQPDKKCRC,0
ADKKIALVGAGNIGGTLAHLIGLKLL,0
GRIKRIRKKIKKLIKKLS,1
QSHLSLCRFCCKCCRNKGCGYCCKF,0
NEEEKVKWQPDVP,0
NPVLPCPVGSLYK,0
QIQDPEIPKCGWWNQMAYYN,0
MQYISLNTTIITTTETTGYGAG,0
VDDTTPLSEETMMRIGGYMV,0
IVGGTAADISQFPHQLSLQTT,0
FLGALFKALSKLV,1
EDDLSDFNPKV,0
DAHNEDEEHAEGS,0
VIGGAECNINEHRSLVLLYSSSFGE,0
GWINEEKIQKKIDEP,0
VDKPPYLPRPPPPRRIYNNR,1
VSYNSKFLAATVQAEPVVLDA,0
GLFDKLKSLVSDF,1
GFADLFGKVANLIKS,0
ILPWKWRWWKWRR,1
AKLDFDRSKEHVNVGTIGVH,0
SGLQFAVLDGQGFLPFSRV,0
SRTVRKTSRLWSSLSLNTCNNVHSKS,0
NGVQPKYKWWKWWKKWWW,1
YGRAARRAARR,0
PPPLGAAPTGDPKPK,0
EVVLDSDGEMLRNGGKYYLSPASPIGGGA,0
KGIRGYKGGYKGAFKQTKY,1
QADPNKFYGLM,0
MATGGFGCLLLLIREIDLSVKRQI,0
RKKKAKIIKKII,1
RRRRRRWFWFWF,1
AQGDNPDKDTDGN,0
AGLQFPVGRIGRLLRK,1
RRRRRFRRVIRRIRLPKYLTINTE,1
SIGRRGGYCAGIIKQTCTCYR,1
VRRFPYYYPFLRR,1
MRLKELFDAQMEYFGEVFEKTEWPYW,0
APLEDEDDLELLEKVKRDRKKRLERQGAIN,0
AHQLPMGTLCNFYEWYRRDD,0
FIHHIIGGLFSAGKAIHRLIRRRRR,1
ANQRLPPLSNDPDRCERAFVGNT,0
FFPIVGKLLFGLL,1
QLPICGETCVLGGCYTPNCRCQYPICVR,1
GLPVCGETCFGGTCNTPGCSCDPWPMCSRN,0
AKAGVNKPELLP,0
MFEISFYIALKNFNSLGILKMWRFI,0
PAPETNYLRDP,0
FLPLIGRVLSGILGWKRKRFG,1
DDPTSTFTCPGGSNYK,0
FLPVIAGLLSKLF,1
MSEARNLFTTFGILAILLFFLYLIYAVL,0
RCCISPACHEECYCCQ,0
FHYFWHWFHRF,1
MAEAFYILIGFLIMAAIIVMAVLYLENHS,0
GFPTCGETCTLGTCNTPGCTCSWPICTRD,0
FLGVVFKLASKVFGKVFGKV,1
GIGTKFLGGVKTALKGALKELAFTYVN,1
GNNRPVYIPQPRPPHPRPIRV,1
KDWEHLKDWEHLKDWEHLKDEL,1
PAPESGFIRDP,0
SKVENIVDELKTLTL,0
FQWQRNPRKVR,1
PKLLKFLKWIG,1
RRRIIIIIRRR,1
ARCENFADSYRQPPISSSQT,0
MNLCWQKSIYD,0
NDDCELCVNVACTGCL,0
GLLKRIKKLLKKIKKLL,1
AGFVLKGYTKTSQ,0
MRFCWQKSIHGS,0
FFPLLFGALSSHLPKLF,1
RKCLRWQWAMRKVGG,1
ALGKLASKVFPAVYCTISRK,1
CGLMCQGACFDVC,0
ILPIIGKILSTIFGK,1
GKTKGVTSGLIAFPRL,0
LCLSCRGGDYDCRVKGTCENGKCVCGS,0
CGGYSSSGSGSGSTSYRCG,1
SVKSEVDNFDKHLKAESAPFNNE,0
GLLDTLGGILGL,0
GLPVCGETCFGGTCNTPGCSCTDPICTRD,0
YQALIRMIYKNI,0
AAKIKKGDNVVVLTG,0
KKAKKKAKKKAKKKAKKKAKKKAKKKAK,0
CVKRGLKLRHVRPRVTRMDV,0
KALKLKLALALLAKLKLA,0
SGNTIYFGEGSWLTVV,0
GGPSQKQKQHKVNLVNIKVYI,0
SGRNMEVSLVRQVLNLPQRF,0
SCCPNNPACCH,0
FFGWLIKGAIHAPKAIHPLIHRRRH,1
RLRRIVVIRVAR,1
ASALIAQAILRDCCSNPPCAHNNPDC,0
MADAEDIQPLVCDNGTG,0
QDYCAQEGQQEVQRKDLSDLERYLRQSRQR,0
SIKPFSNLPLRF,0
FEQKIGAWWCA,0
ALGDQLLSVFVDHTLVDEVA,0
ADEGFSATVRNGAV,0
FHFHLHFASASAFIKHFIHRF,1
MNQKFEAVNAIDRNVTDVADANDR,0
EFSPTRKFGGHGDDKKKKK,0
MMIPGHFDYHRPKSV,0
GGGRAFNHNANLFRYE,0
PAQPFRIKKRQGPFERP,0
QVRFRQCYFNPISCF,0
QRQIRSISGWILSTYLGRPAEPVPLQ,0
GRFRRLRKKTRKRLKKIGKVLKKI,1
GIPCAESCVYIPCITAALGCSCKNKVCYRN,0
YGLAADNVLDAR,0
KKLFKKALKFL,1
DAHRAGLQFPVGRVHRLLRK,1
RRLMAAKAESRK,1
PAWLVDCPCVGDDISRLLTRGEK,0
MLPRKYKPAYKKQAHRVKSNPQPAYTFQ,0
FLSLIPAAISAVSALADHF,0
GKVIDTLTCGFADLMGYI,0
MCLGVPIKLSKLMKILFNLPQ,0
ADVRNPLEEFRETDYEVL,0
AYERQFYPGATSVAENNIGH,0
MLLVIGSKNLSSTNM,0
FFPTIAGLTKLFCAITKKC,1
FLPGLIKAAVGIGSTIFCKISRKC,1
MPEPAKSAPKKGSTRTAAKGGKKRRKSRK,0
TKSPDCGGILSPSGLSYFA,0
TKDEGTFIAEGGGVR,0
AALKGCWTKSIPPKPCFGF,1
RRLFRRILRWL,1
ECRGYNAPCSAGAPCCSWWTCSTQTSRCF,0
MRLNYSRCYYSSQRRRQSLPKRFPLI,0
ELAGTIIDGASLTFEVLDKVLGELGKVSRK,0
PQTETKASVGFKAGVK,0
SGGKKIKVDKPLGLGGGLTVDIDA,0
ADTGDGDFITEGGGVR,0
FFRRFFRRFFRRFFRR,1
MSDINTARLPLSSPMLLPCVGDDILMV,0
MRNISLTTTIITTTDTTGNGAG,0
EEEDKKEDVGTVVGI,0
DSHEKRHHEHRRKFHEKHHSHRGY,1
GKWMSLLKHILK,1
KQCTSNMCSADCSPGCCIIDKLEWCTCDC,0
RRWYRWAWRMR,1
AEFGPSQPFKGAK,0
GFGSFLGSLFKTGLKIIPKLLPSIQQ,1
GLNALKKVFQPIHEAIKKINNHVQ,1
GVTGFGFDLVRYLFAGVVDGR,0
LLPWKWPWWKWRR,1
LNKRCLEFGEVCNFFFPTCCGYCVLLVCL,0
GIGRKFLGGVKTTFRCGVKDFASKHLY,1
AVAVVGQATQIAKKKLFKKILKYLKDEL,1
FLPILASLAAKFGPKLFSLVTKKS,1
VLPIIGNLLNSLL,0
KGIYQTSNFRVVPSGDVVRF,0
RPECCTHPACHVSHPELC,0
MVQLVDLARCVSF,0
MKAIFVLKGWWRTS,0
MWKEFHNVLSSGQLLADKRWARWYNRW,1
GVIAWELQHNEPGRKDSTAG,0
ADGSDPAGGEFLEAGGGVR,0
GVGDIFRKIVSTIKNVV,0
GKWKSLLKHILK,1
AGWGSIFKHIFKAGKFIHGAIQAHND,1
EPTPRSFNGDKVFRV,0
WKRRIKIWKKIR,1
RWRRLLKKLHHLLHGGGFKKFWKWFRRF,1
SLINTEVKPFQATAYHNGQFVEVNE,0
TLLCDCPNGPWVWVPAFCQA,0
QPPGGSKVILF,0
GKITFYEDRNFQGRCYECSTDCPDLSPYFS,0
DDDKTEEEDDKENETTKVVE,1
AEELVKPYNGDPFVGHLSTP,0
SLSRFLSFLKIVYPPAF,1
LRKLKKILKKLF,1
VDRGWGNGCGLFGKGG,1
KKPKKPWKPKK,1
KKRKRRFLGFLLGVGSA,0
ILRWPWWPWRRA,0
GWGKFFKKFFKVGK,1
GASGLIPVMRN,0
FLSLIPSLVSGAVSLVKK,0
IKQLLHFFQRFGGGRWRWRWF,1
GPMEDPLEIIRI,0
KLLNLLPGLLAGIF,1
VRLRIRVRVIRK,1
GKWMSWLKHILK,1
GFWGKLLEGVKKAI,1
NASKYNPCSNYL,0
GLPVCGETCVGGTCNTPGCSCSWPVCFRN,1
RLWMRWYSPWTRRWG,0
DTFDYKKFGYRYDSLELEGR,1
CKGPGAKCLKTMYDCCKYSCSRGRC,0
YEDAYALQYCPR,0
MRSFDQGSTRAPARERCRRQRPEGRSAQR,0
MAWTAPKITEVPLGAEINSYVCGQKK,0
KKMKDTDSEEEIREAFRVFDKDGNGFI,0
FLGGLFKLVPSVICAVTKKC,1
MKIKFSRGARFSATFSFDKYPFLLYEVVR,0
DSSVLTSEYPR,0
ANTVKVTLIKSTNGRLANHKAVK,0
GWGDTFLKTMAKIAKVGPKLLHS,1
QSWMHQPHQPLPPTVM,0
FKTFLQWLHRF,1
TNSKEGEFIAEGGGVRGPRIVERQSAC,0
KIFGAIWPLALGALKNLIK,1
KPNPERFYAPM,0
GWMSKIASGIGTFLSGMQQ,1
MNPNCARCGKIVYPTEKVNCLDKFWHKACF,0
MRWEKPSYNDMRFGFEVTMYIYNR,0
SPKMVQGSGCFGRKMDRISSSSGLGCKVLR,0
YGLAADHVLDAR,0
RAYCRRRFCVAR,1
FLGVVFKLAVKVFPAVFGKV,1
GLFDVIKKLLKKIKGL,1
YNFNVYTSCTARRK,0
NLAPLDLQTPTAFDNNYYK,0
GIPICGETCFFGKCNTPKCTCNKPLCYKN,0
VNWKKILKKIIKVAK,1
GILDTLKQLGKAAAQSLLSKAACKLAKTC,1
WFKFFKKFFKKWK,1
MNVSQIYARNGELFSGRICKQKRQ,0
GLPWILLRWLFFRG,1
SFSVNPAVEILQHRYMEKVAQNNRNFLNRV,0
FGFLPIYRRPAS,0
SHGSHETDEEF,0
IIALPLGYFSK,0
FRGHDKKDKKIQKK,0
QRLGHQWAVGHLM,0
LQVDYLVLEVA,0
DLYGNIVLSGGSTMF,0
AVNVNTNVSAMTAQRYLNQA,0
FPIDDDDKIVGGYTNR,0
GILGKLWEGVKSIF,1
AIAGLTPPKESKAFAKEKN,0
SKVWRHWRRFWHRAHRKK,1
ILILILILKRK,1
KKLFKKGLKFL,1
TEVTFKVGEGSSGKS,0
MKLSILGARVIDPASGLV,0
AYELPELPYAYDA,0
EQQQQQQPQNRRFRE,0
GFKNVALSTARGF,0
QNSAAAFAQWA,0
ATKGSSDNRVLTGV,0
LFHLSVDNEHRGQGIAKALV,0
MRAKWRKKRTRRLKRKRRKVRARSK,0
PKPKKKQRWTPLEISLEVLVLVLVI,0
KKLKKLLKKWKKLLKKLK,1
RKKRRQRRRRKKRRQRRR,0
EHPALYRRYSKEHTFCKTKNQCN,0
GALFGLASKVFPAVFGAFKK,1
RVRRPVYIPQPRPPHPRL,1
HQKYNPFRFVELVLVVDKAM,0
DNLKKRRRCADDD,0
ATGWSAFFIDGKWTEAKK,0
SDDPKESEGDLHCVCVKTTRLVRPGHITL,0
MAIIIGLEFAQLPMSFGAKYE,0
GIGAVLKVLTTGLPACISWCKRKRQQ,1
GFCWYVCVYRNGVRVCYRRCN,1
GFIGWGNNIFGHYSGDF,0
NGRRYTTYGCSPPVT,0
SEKITVFQKGNFQVTESSHFV,0
GKWMSALKHILK,1
KLAQKVKRVLR,1
NWCKRGRKQCKTHPHFVIPY,0
GVVDILKGAGKDLLAHLVGKISEKV,0
TDPDADEGEFLAEGGGVR,0
LRPAVIVRTKGK,0
CWFWKWWRRRRR,1
KLWKLFKKIGIGAVLKVLTTGLPALKLTLK,1
GLLGPLLKIAAKVGKNLL,1
GSSFLSPEHQLAQQRKESKKPPAKLQPR,0
AADGKPSDWISLVTPECCSNPPCNLQNCR,0
MLVFQMRNVDKTSTVLKQTKNSDYADK,0
CKQAGESCDIFSQNCCVGTCAFICIE,0
DNRMVNHFVQEFKRKHKK,1
FLFGLASKVFPAVYCKVTRK,1
FVDRNRIPRSNNGPKIPIISNP,0
VHGKPATIDHFALIVSYF,0
HKLGTLVNLAKKIL,1
KIPCGESCVYIPCISSVLGCSCSNKVCYKD,0
YWKKWKKLRRIFMLV,1
VLEKDCPPHPVPGMHKCVCLKTC,0
FKSWSFCTPGCAKTGSFNSYCC,1
KKLFKKILKYLTTGLPALISWKDEL,1
AGYLLPKINLKPLAKLPKKIL,1
NGCCRNPACESHRCG,0
DDAVADGVHAISGVVDS,0
IFGAIWKGISSLL,1
AGEDVSHELEEKEKALANHSE,0
NGKTWKKNRKACQVK,1
SMLSVLKNLEKVELEFVACKINKQC,1
GLPVCGETCFTGTCYTNGCTCDPWPVCTRN,0
LNWGAILKKIIK,1
MKKAERGASPKQIKPHRYYLLAVH,0
ANNAGARKAIRKIEARTEVN,0
FEDAKKVRFFKSNSETIK,0
QGGPPRPQIPP,0
ECDNPACGQHTSK,0
SSSKEENRIIPGGI,1
AVHPGTVSAAFIPL,0
GGHKLAKLAKKLAKLAK,1
VPATIPLTITNDSGG,0
MSISFPKMQHLIVMTTIGDKKVNNNIILFL,0
QDAYRFLTHTYG,0
ILGKLLSTAAKLLSKL,1
DCFSESAIRKAILGH,0
MTSDYRVSPIKKSRPAMSK,0
TKCPTCQNDTCSNKI,0
ARNFGKEFTPV,1
MKFYTIKLPKFLGGIVRAMLGSFRKD,0
SRWPSPGRPRPFPGRPKPIFRPR,1
TVLKTDAQCNCEAFKALSLP,0
MTKKITIIGAGNVGATAAAASKDLGDIV,0
TRSSRAGLQWAVGRVHRLLRK,1
IPPFIKKVLTTVF,1
YGGSQGNLIFGKGTKLSVKP,0
GGLRSLGRKILRAWKKYGPIIVPIIRIG,1
SDPEAPGIWFGPRL,0
VAPFPHGKLVTYKYIADVKAGVDPSLV,0
PIDLMGKVFVFDKELSPI,0
KHTLPDLPYDFGALQPHISAEIM,0
KWKSFIKKSTSKFLHSAKKF,1
KMLGVVAKKPMSDYE,0
SYNEQFFGPGTRLTVL,0
SMLSVLKNLKKVKLKFVACKINKQC,1
EGDVIATGINGFGRIG,0
AVPDKIDPRESGYVTGVKDQ,0
DTRACDVIALLCHLNT,0
KWKSFLKTFKSAVKTVLHTALKAISS,1
FLPIIAGAAAKVVEKIFCAISKKC,1
MDILSLGWAALMASFTFSLSLVVWGRNGF,0
KPSPDRFYGLM,0
MFFKWISKFIRRLSKCGIKSITSKAYK,0
GWRLIKKILRVFKGL,1
GFISTVKNLATNVAGTVIDTIKCKVTGGC,1
GLLSLLSLLGKLL,1
KPNAYKGKLPIGLW,0
FLGAIAQALTSLLGKL,0
MRWQLNKQQLHARLSMK,0
RFRRLRIKTRIRLKKI,1
KTATLFPGHGIGPEIQAVPIL,0
ACPIFTKIQGTCYRG,1
DSSGIVGRPFFLFRPRN,0
TPKTMTQTYDFS,0
PYDRISSSAFSDF,0
LTAVLKADAYGGIGL,0
QSPKDAYPYDISELVKDAYPYDISELVK,0
HDVYGGDYRITGDDGHS,0
AVPQSIDWRDYGAVNEVKNQNPCGSCW,0
KKRLKKIFKKPMVIGVTIPF,1
KLAGKLAKWAGKLAKLAGKLA,1
ESAIRKAILGHIVSP,0
KFHHIFRGIKHVGKTIHRLVTG,1
GKLWLKGGKLWLKGGKLWLKG,1
GFARIVQRIKDFLRNLV,1
MWISYLGFLIFYFILAAASYKILKRIKWI,0
ALKDEFEEHAEKAKTLPENTSNENKLILYG,0
AEAIFGAVVIDL,0
GYMKYKDPKQPLLGRRD,0
KMIFVGIKKKEERA,0
QRACPRILKKCRRDSDCPGECICKENGYCG,0
SRSELIVHQRLF,1
ANLFTSDQDLYTDSR,0
GVFRVLRKVTRVVLKVIGKVLKWI,1
ILPWKWPWWPHRR,0
SALGRLASKVVPAVIGKVTT,1
FLSTALKVAANVVPTLFCKITKKC,1
GWRLLLKKAEVKTVGKLALKHYL,1
AWVDWEDQILQDTVPLVNFVRMI,0
GGSSGLIAFPRL,0
GGPAAYSYNGADFGAVGELGSSKGL,0
KLKKLLKHLHHLLH,1
DDALRHLLRHLLRHL,1
MLYANPNTESSPVGFRKKYDNFI,0
RRRCPIVVIRVCRR,1
FLPVVAGLAAKVLPSIICAVTKKC,1
TRWLWLLRGGLKAAGWGIRAHLNRNQ,1
MDTPSRYWLTILSSRINS,0
TSRCIFYRRKKCS,1
RRRRRRRRHRRRRGRRGRRSRGRR,0
SVSNIPESIGF,0
FPPHKGKFDKKFIELVIIVDHSTYK,0
TKPKGTKPKGTKPKGTKPKG,1
NILSSIVNGINRALSFFG,1
WIIFRIAASHKK,0
GLAGAISSVLDKLKQSQLIKNYAKKLGYPR,0
GWLPTFGKILRKAMQLGPKLIQPI,1
LLIILRRGHYY,1
MIINNNISALNANRQLNLTGNSMTK,0
VIGGDECNINEHRSLALVY,0
GLRSRIWLWVLLMIWQESNRFKRM,0
TDAVANGVHAISGVVDT,0
GGGSNFGQFAGGLLDR,0
MTATILVADDDAAIRTVLNQALSRAG,0
SLSRFLRFLKIVYRRAF,1
ATFFDPQPRLLAD,0
LTCLTKMVECIQLPLDVEDSSDTLCC,0
LAHQKPFIRKSYKCLHKRCR,1
GDVQEGEFIAEGGGVR,0
GDLPICGETCFGGTCNTPGCVCAWPVCNR,0
GMASKAGSVAGKIAKFALGAL,1
VDKGSYLPRPTPYSPRPPIYNRN,1
MNQQIDMLVKQLN,0
DISVVGGTGDFLMAR,0
GLFDVIAKVASVIKKL,1
GVVDILKGAAKDLAGHLASKVMNKI,0
FIKHFIHRFGGGRWRWRWF,1
RFRRLRWRTRWRLRRI,1
CKTYSKYCPADSPCCTPQCVRSYCTLF,0
QEKPYWPPPIYPM,0
MYFHSFLDTFSKYLGSTSCPLLRLSR,0
TFITDPVEVSE,0
LRLRLRLRLRLRLRLRLR,0
FEPIPIHYCAFPGF,0
WKKWWKKWWKWWKKWWKK,1
VGEAFWSAEEQK,0
QGGGPQWAVGHFM,0
SGKVLSEEEKAAANVYIKKME,0
IECEVCMKPGDRCNGSMMT,0
GHGQLSHKRHKTDSFVGLM,0
VSCADILTMATRQFDNVYYKNLQQGK,0
SIKILKIYFIQGKRHWSF,1
LVQRGRFGRFLRKIR,1
GFKQFVHSMGKFGKAFVGEIINPK,0
ICLKKWPWWPWRRCK,1
CPRILMKCKLDTDCFPTCTCRPSGFCG,0
KFFKRLLKSVRRAVKKFRKKPRLIGLSTLL,1
GLMDMVKGAAKNLFASALDTLKCKITGC,0
GFSSIFRGVAKFASKGLGKDLAKLGVDLVA,1
GFKEVLKADLGSLVKGIAAHVAN,1
DLLGTLGNLPLPFI,0
AIPWIWIWRLLRKG,1
FLGALFKALSKVL,1
GILSSLLKKLKKWIAK,1
LAGLDTAIILIAFIITASVLAYV,0
IIKNLQNLDPSHRISDRDYMGWMDF,0
KGWGSFFKKAAHVGKHVGKAALTHYL,1
RGLRRLGRKIAHGVKKYGPTVLRIIRIAG,1
FKQFHFKDFNRAFGFMTRVALQAEKL,1
FLFKLIPKAIKKLISKFK,1
KWWVFRVVYRGIVYRRVRWK,1
DVDETHTLGHFEL,0
DDIKLSQQYDVLDLFKYMHQ,0
RGSNLTIHPLRNIKDLVYLGNMGIG,0
GWKKWFNRAKKVGKTVGGLAVDHYLG,1
GIMDTVKNVAKNLAGQLLDKLKCKITAC,1
CATYGKPCGIQNDCCNICDPARRTCT,0
RGGRLAYARRRFAVAVGR,1
ARYAILFAGSNVVYNAQADIYTIYTFL,0
MDELYPVEPEEEANGGEILA,0
MRTGKQYLKSLNDGRTVILDGEVVGNVLH,0
GRPPGFSPFRID,0
MLPKPSSFPVPG,0
SPLEQFSILMLIPM,0
SNKPRPQQVPPRPPHPRL,0
TSAEVPATAQGVTHALEGTQ,0
LPVLFKLASKVFPAVFSSLK,1
KWKSFIKNLTKGGSKILTTGLPALIS,1
FLPLLAGLAANFFPKIFCKITRKC,0
GMATKAGTALGKVAKAVIGAAL,1
LPFFLLSLIPSAISAIKKI,1
FDWDSVLKGVEGFVRGYF,1
MHIVVCIKQVPDSAQIRV,0
GAHDILKYGKPS,1
RGSLTTLPLRNIMDMLHMGITIGTP,0
DAHGLLKRIKTLL,1
ANFEIVNNCPYTVWAAASPGGGRRLDRGQT,0
GIPCAESCVWIPCTVTALLGCSCSNKVCYN,0
GIFTFEDESTSTVAPAKLYK,0
GMWSKILGHLIR,1
MEPECNLNCTD,0
ILPWKWPWHPWRR,0
VAADNVIVQNSMRIS,0
DRYERGDVNLDLKGF,0
GAPICGESCFTGKCYTVQCSCSWPVCTRN,0
VKTKCSVPAVVYILVKTFKS,1
VPPGFTPFRQS,0
RWGKWFKKATHVGKHVGKAALTAYL,1
KGLSGPTAWWVVV,0
FFPFVINELAKLPSLISLLKK,0
VKRWKKFWRKWKKWW,1
NPTCWAICKRIPNKK,0
FLGALWKVAKSVF,1
VKRWKKWWRKLKKSV,1
VHVPPICSHRECRK,1
GLMDVFKGAAKNLLASALDKIRCKVTKC,1
ILPILGKILSTILGK,0
ADQPGDSTDKLLAQKQDDV,0
SALVGCWTKSWPPKPCFGRG,1
GILDVAKTLVGKLRNVLGI,0
MELGLEPADDFKEKLIKLSA,0
SCTTCECCCSCS,1
GEEEYQKMLENLREAEVKKNA,0
LGPQLNKGCATCSIGAACLVDGPIPDEIAG,0
SCSSGCSDCNSDSCQCTLNQFTNSDSCCC,0
SILPTIVSFLTKFL,1
GLWRALWRLLRSLWRLLWRA,0
AKKVFKRLEKLFSKIYNYK,1
LQNHELTLWNEARKL,0
LRNVEQQCRADALVERAQELIHGQQ,0
GIHDILKAGKPS,1
FLWGLIPGAISAVTSLIKK,1
KLKHVGLHVGKLK,1
LRRLRKWLRRLLKLL,1
STLHLVARLRGG,1
AKDVRFGADVRALMLQGVDVLADA,0
GIGKFLHSAKKFFKRIVQRIKDFLR,1
GSTSECFWKYCV,0
FAVGTESIAKTFSEALDTTKISDVLSK,0
MSTNPKPQRKTKRNTNRRPQ,0
ARAVGIDLGTTNVAV,0
MISDSQIFVALLFALVSAVLAIRLGTDLYQ,0
NKWKKILGKIIKVVK,1
DEPDGVPTHQKQ,0
FLGLLFHGVHHVGKWIHGLIHGHH,1
FLPLLGRVLSGLL,1
PAWRKAFRWAWHMLHHAA,1
KILRGVAKKIMRTFLRRISKKILTGKK,0
SLSRYAKLANRLANPKLLETFLSKWIG,1
MKKPVLKPFASLEIKVDPPITIGETSLGLR,0
HTASDAAAAAALTAANAAAAAAASMA,1
INWKKIFEKVKNLV,1
MLLKKLLKKLLKKM,1
AKIIGIDGLTTNSWVAVLESDKVHV,0
ERRCPRILKQCKRDSDCPGECICMAHGFCG,0
GLFDIWKKWRWRR,1
MENEHQYSGARCSGQAAYVAKRQECAK,0
KWKLFKKIRGGRLCYCRRRFCVCV,1
ALKYRLFKKLKKF,1
HAEGTFTSDVSSYLEGQAAKEFIAWLVKGR,0
LPVLFSSAIAKVGIKLGAKV,1
MDIITFGWVAVAAFFALSIAFVVWGRNGM,0
HFLKTLVNLAKKIL,1
ISEALKSIIVG,0
KPRPQQFIGLM,0
KRRLIFRILKLFFRFLVKKR,1
MVGNFPGANYSRDTRRAEIDIQIDIQKI,0
MRDVTVVATSKFNIVKNRIKAERWVKI,0
RIIRPIIQIIKQKIR,1
SKCRQWQWKIRRTNP,1
AAPKATVRWCTISS,0
SAIDPNPDTPDSE,0
LRCRNEKKRHRAVRLIFTI,0
TQQEGMDISSSLK,0
IKTLLHFFQRF,1
FIGGLRRLFATVVGTVVGAINKLGGG,1
SCLEYGHSCWGAH,0
FIKHFIHRFGGGFKKFWKWFRRF,1
PNIQTKIIEQIWKEHIFQGTVVK,0
NLLKSALKTVNKLLAAS,1
LWETLRRGGRWILAIPRRIRRGLELTL,0
IENEEIVDMHNALRRAVRPTASNMLQM,0
FLSLIPTAINAVSALAKHF,0
VGECVRGRCPSGMCCSQFGYCGKGPKYCGR,1
AKNYPTVSAEYSAVEKA,0
ELNPSLVISLSGL,0
SPSLDDERNDNFVRL,0
GKPRPYSPRPTSHPRPIRV,1
DNTDSVVKIQSWFRMATARKSYL,1
AAVPEAAAEATAEAAPVSEF,0
ARQLNPSDQELQSPQQLYPQQPYPQQPY,0
FLGGILKVASKIPSVFCAVLKTC,0
FKVTWKTKWWKG,1
SKVLRHLRRFLHRAHRKL,1
SGTSEKERESGRLLGVVKRLIVCFRSPFP,1
GLLSGTSVRGSI,1
MANAGLQLLGFILA,0
APKAMRLLRRLLRLQKKGI,1
CLRKLRKRLLC,1
VKRFKKFFRKLKKSVKKL,1
LLRRVARLLKRFAK,1
GLPVCGETCFTGSCYTPGCSCNWPVCNRN,1
LCAAHCLAIGRR,1
AQITLTNKASYTVTPPAQANAADA,0
DHAGTVSKAHKQHDVNSVLYKVYEDI,0
MGYDINLAQMKGGVIMQAVI,0
KSAAEVQNTQQAIIPAQEKANLGNQNIMA,0
NSGMINSILGIPRVMTEA,0
MNSVQFKNHHHHHHPD,0
LKHGLLKRIKTLL,1
SFLSLIRKLIT,0
KWASLWNWFNITNWLWYIK,1
GLLDTIKNTAKNLAVGLLDKIKCKMTGC,1
MTPPENKNLVQENKELIQEVLKA,0
VLDIYEQKLGQTRVLDIYEQK,0
DTHFPICIFCCGCCHRSKCGMCCKT,1
RPWAGNGSVHRYTVLSPRLKTQ,1
RIRWILRYWRWS,1
YDDGSYKPHIYGF,0
LRFIKKILKKLI,1
KLKLLLLLKLK,1
THIHMNARLLIRSPFTDPQL,1
FSEAIKKIIDFLGEGLFDIIKKIAESF,1
IIGGDECNINEHPFLVALYDA,0
MPFSPDIAYSINYALGKYFFHRISHFLESA,0
LQLSYRPRVMIMAVMFVFCINKGYDIY,0
ILGPVLSMVGSALGGLIKKI,1
GLVPNLLNNLGL,0
RNSVRNRVMLWRTKR,1
GLRKRLRKFRNKIKEKLKKI,1
CESYGKPCGIYNDCCNACDPAKKTCT,0
MNQKHLLRFIKKSYRVDADRVVYDAK,0
PSVCTMTKWQEVDEM,0
AIDYDEDEDGRPKVHVDAR,0
QSHLSMCSVCCNCCKNYKGCGFCCRF,1
MIFNDLIGNNNIGD,0
VVTLTDTTNQKTELQAIYLA,0
NFDEIDRSGFGFN,0
FLGGLIKRVPAMICAVRKKC,1
ISSSTPPYDLNRFK,0
KRLFKKLLFSLRKY,1
MIYDSQVYTVLLIALLASVLAIRLGSTLYQ,0
GTKALTEAIPLTEEAEC,0
SNSLFEEVRPIVNGMDCKLG,0
DEAAPPPAATAPAATE,0
DLLTAIKRVKESMKRRT,0
GSPKYCHLPADPGPC,0
SWIKKDKFPSSTGPYNPNPPPPRF,1
SIGSAFKKAAHVGKHVGKAALTHYLN,1
QPIIITSPYLPS,0
RFRRLRWKTRWRLKKI,1
PLEALNVQLYNVEVTNDKGEADPGEIQ,0
NNPPCCSGYVCEGVYCAVDV,0
GLVRDNMAKLRERLK,0
AMRPPFRCKAAFC,0
RAGLQFPVGRLLRRLLRRLLR,1
IIGGVESRPHSRPYMATLEIT,0
GSSFLSPEHQKVQQRKESKKPAAKLKPR,0
DEPDGVPTRQKQ,0
KWKLFKKIGIGAVLKVLTTGLPALIS,1
VAKFLAKFLKKAL,0
APAAEPAPSVKSQNFGAPGGAYPW,0
MAGNSSNFIHKIKQIFTHR,1
RQIRIWFQNRRMRWRR,1
VQLRCRVCVIRK,1
NDWRNAMYPVVPGHE,0
PKVSPRWPPIPP,0
MTLDVFTKVVSQADSRG,0
WFDPLRITETTTGSVTLK,0
PPPPGASANASVERI,0
GTRCGETCFVLPCWSAKFGCYCQKGFCYRN,1
ADTGEGEFLAEGGGVR,0
FLGVVFKKASKVFPKVFGKV,1
RLLSLIRKLIT,0
GVVKVSRLKGESLRARL,1
YGRHSHHKEHFKRKC,0
YHRLRDLLLIVTRIVRLL,0
APVTAGRGGALAKMYTRGNHWAVGHLM,0
SSMTKILEPFRKQNP,0
DEGPYKMEHFRWGSPRKD,0
FAVTWATKWWKG,1
FLPKMSTKLRVPYRRGTKDYH,1
KKKKKKLLFAAWAAFAA,1
MANTQNISIWWWAR,0
RQIKIWFPNRRMKWKK,0
MMKLVIILVVLLLLSFPTY,0
ANDPDFPYTVQANRP,0
FLGALWKVASK,1
AGVPFNTKTPYGPT,0
FLGMLLHGVGHAIHGLIHGKQNVE,1
CCSRRCWVCIPCCPNGS,0
ILPWKWPWLPWRR,1
PRLKVYLPRYKVYSTAAGRYQLLSRYW,1
SIKEKICKIIEAKIGKKPPFCP,0
GLLGLLGSVVSHVLPAITQHL,1
GYEEREVAETVRELDAA,0
GVLDAFKKIATVVKNLV,0
LSCCADPACKHTPGC,0
HQFRFRFRVRRK,1
AAVPSGASTGVYEALELRFRAPVEPY,0
MEFVAKLFKFFKDLLGKFLGNN,0
ILGKIWKGIKSLF,1
LLIKFLKRFIKH,1
FFPIVGKLLSGLSGLL,1
MRNLQPNMSRWAFFAKSVGTWNKSSCRS,0
AAHHIARPIVHVGKTIHRLVTG,1
EPILGIITSLLKSL,1
FLPIIAGIAAKFLPKIFCTISKKC,1
FKKFWKWFRRFGGGRWRWRWF,1
MSQASSSPGEGPSSEAAAISEAEAASGS,0
LKLKAIAALAKKKW,1
FLGALAKIISGIF,1
TPDHQRYVELFIVVDHGMYTKYNGD,0
GLFGKSSVWGRKYYVDLAGCAKA,1
TKIADLRSQTTDQLSDELLKLKEQ,0
FLKALFKVALKVL,1
VDSEDLIEAFKIYVEDDNEHLQGSVD,0
LKLSPKTKDTLKKVLKGAIKGAIAIASMA,1
GLISGILGVGKMLVCGLSGLC,1
DTHISEKIIDCNDIG,0
MLKYIYMHLSHKYNHILFTYNTRIIS,0
NTGELFFGEGSRLTVL,0
FLGALLSAGATILPSLICKIFKKC,0
KWKLFKKIAKKFAKAFVAEIM,1
LLLFLLKKRKKRKY,1
ALWRRLLRRLLRSARRLG,1
DCCYGRVNGCNPKMADKNYE,0
PSLLYKAKAVFCKPSAVAVF,1
ISSPVSLTIHPLRNIMDMLYVGITI,0
AYGESANVFGAP,0
KLLAKAALKWLLKALKAA,1
QWPDPSSDIPP,0
GANALKKYFTILKKFFKLAW,1
MAADIISTIGDLVKLIINTVKKFQK,1
MMMFITGYDINQKQKKRYGLRG,0
MKADIHPNYVEIDATSGN,0
WPAQIFSAVRGVN,0
FVGGVASKVVPSVYCKVSKK,1
GILSKLLKKLKKIIAK,1
NLNQFSNMIQCANTRSLFANYGCYCGY,0
CGNFLKRTCICVKK,1
DDALKHLLKHLLKHL,1
GTVRRFPWWWPFLRR,1
LLAAHLLAIGRR,1
TQQPLEGHQLPY,0
IFGLLLHGAIHVGKLIHGLVRRH,1
GMKDYFKKLLQKVIKKIKSFRKKQD,0
VIEVVYLRTPFSAGNATT,0
MDLSFTLSVVTA,0
NVDFNSESTRRKKKQNEIVDLHNSLRRTVN,0
GFLDVVHVGKAVGKAALNAVNDLVN,0
CCRRGYMGCIPCCF,0
LNWGAVLKHVVK,1
STIEVRNNSPYYSVD,0
VAIRIIWSDIQD,0
SMWSGMWRRKLKKLRNALKKKLKGE,1
MGSLESERFVVDVAASNLDK,0
RFGRFLRKIRRFRPKVTITIQGSARF,1
DAAVEPELYHWGKVWLPN,1
GLWSKIKEVGKEAAKAAAKAAGK,1
TSSGCPNFESLVR,0
GSLTGLISMPRT,0
RKRKSDVDFEAEFELFEDDD,1
RSGGYCNGKRVCVCR,1
GLVTGLLKTAGKLLGDLFGSLSG,1
ANEAKVVLVADNVQGDN,0
QHGTAPECFWKYCI,0
ATQRLPPLSTEPNR,0
MTRCISKKMLLEVDALSLIYSPHLYMS,0
LPGLTGSKGVRGISGLPGFSG,0
RPRRRATTRRRITTGTRRRR,1
IFHHIFKGIVHVGKTIHRLVTG,1
FRRFFKWFRRPFKFF,1
SVKVAKSVIPSAVFAGGKVF,1
SANPALAPRERKAGCKNFFWKTFTSC,0
VLHTGYRKFLHRSKRFFHLR,1
MDKYVDLKERFLRYVKFN,0
VRDICKKEAERQDLSSCENYITQRRGY,0
GEEEVAKFIELARENIAKGCKVNCYP,0
RWRRWRRWRRWR,1
IDSVKTFCCSTFNLGICCSKK,0
NFAEIFAAVNKLIKQGVVKG,1
WRRWWRRWWRWWRRWWRR,1
LALALKHALHKALLLAKHLAHKLALA,0
GVIPCGESCVFIPCINKKKCSCKNKVCYRD,0
ILPILAPLIGGLL,1
GCCSDPPCRNKHPDLC,0
NSATTAVYSFQDWVSA,0
RFRRLRCKTRCRLKKI,1
MDLIFPLVGSLLLVICVMVGVAFLTLL,0
MSKNTKSKNNGIRKYNAKTEVKLVYFK,0
GILKKFMLHRGTKVYKMRTLSKRSH,1
IFKAIWSGIKSLF,1
FYSAPTRDNVFEL,0
GDDVKSACCDTCLCTKSNPPICRCVDIRET,0
GILNTIKSIASKLKRKAK,1
GAPKGCWTKSYPPQPCFGKK,1
ADGSDPVGGESLPDTGGAR,0
FLPFVGNLLKGLL,1
GLVSSIGKALGGLLVDVVKSKGQPA,1
GLGKFLHSAKRFGKAFVGEAMNS,1
EDTGTFEEGHGGVR,0
FIFPKKNIINSLFGR,1
NVCHGSDSVESANKEIDLWFK,0
CWTVSIPPRPC,1
FIRWRFRWWRWRR,1
LLKELWTKIKGAGKAVLGKIKGLL,1
GSAIACGESCFKFKCYTPGCSCSYPICKKD,0
TFVSSQVSGPR,0
DNWWPKPPHQGPRPPRPRPKP,0
WHWTWLRIRKKLR,1
SVLEIGLMLQEETEKNPKTSYSI,0
QYVKDPDKQVVARIFLDLQLVQR,0
LKLKSILGKLGVILSHLNK,0
RGSNLTSLPLQNVIDLFYVGNITIG,0
LLPILGNLLNGLL,0
MVKIGINEFGRIGRLAFRRIYEL,0
GCCSNPVCHLEHSNMC,0
VIGGDECNINEHRFLVALYDPDGFFCGGTL,0
GIAEFLNYIKSKA,0
AWASFFKKAAHVAKHVAKAALTHYL,1
QDGKSSFQKEGGGVR,0
MNKQRFLFAAKISGIHFLLSLTVAALLAGL,0
QEPHRHSIFTPQTNPRADLEKN,0
ETSDDYGHLRF,0
MAKEQQVQANDLQEKLIAVNRVAK,0
ISLNPPRSTIAMRAINNYRWRSKNQNTFLR,1
AEPNVTVTGAAGQIGYALLFRI,0
MKITPLGDNVVIKKLLATA,0
GLKKLISWIKRAAQQG,1
YSSQLAQVQGLIGNVESQLAEIR,0
VVAKKFFVLVKGLAPVLSPS,1
KWKSFLKTFKSPARTVLYTALKPISS,1
VIGGDICNINEHNFLVALYE,0
FINTIRLLINKYREWKNKKDS,0
ASEPTALGLPRIFPGLM,0
SNTSHQDFHSFYGTNLMIGG,0
VFKCYEPDSRGFQVCE,0
FLSGILKLASKIPSVLCAVLKIVET,0
MVKLRLKRCGRK,0
MNLVDIAILILKLIVAALQLLDAVLKYLK,0
LSLTPTPGVLHK,0
GSEGPLKPGARIFSFDGKDVLRHPT,0
AAAAPPRRGPSGPDA,0
SYPNKQPYGPSGFWM,0
RWRWRWFSATFIKHFIHRF,1
ASVVNKLTGGVAGLLK,1
ATVEVRNNPGYVVA,0
KRFWQLVPLAIKIYRAWKRR,1
LGVVGSLASKVVPAVISKVK,1
KLQELRMWSMLKKWILMFILDFPTR,0
YNVLPQGWKGSPAIFQSSMT,0
MLKLHGFSVSNYYNMVKLALLEKG,0
VSAKPAKVTAGEQAIAMT,0
GEFRRIVQRIRDFLRNLV,1
CCSQDCRVCIPCCPY,0
FPVTWRWWTWWKG,1
SGWMDYINGFLKGFGGQRTLPTKDYNIPQV,0
AVNGGPATLPEYQI,0
MDVNPYFLFLKVPAQ,0
MGAIIKGAAKVLGKGAATGGVIYGLEKLFR,1
FKCRRWQWRMKKLGKGLKKMRWQWRRCKF,0
GAFGDLLKGVAKEAGLKLLNMAQCKLSGNC,1
ENGQLDGVIDPK,0
RAAPYGVRLCGREFIRAVIFTCGGSRW,0
VLYSPDTKVPR,0
HSEGTFTSDYSKYLENKQAKDFVRWLMNA,0
APIKVGDAIPVVFE,0
GFKDLLKGAAKALVKAVLF,1
PKLLKFLSKWIG,1
LGAWLAGKVAGTVATYAWNRYV,1
SAIACGESCVYIPCFIPGCSCRNRVCYLN,0
MLQVFDIIGPIMIGPSESITAGAVRIKI,0
GLLGPLLKIAAKVGSKLL,1
GSATLCSALYVGDLCGSV,0
GSSGLIPFGRT,0
TKVIPYVRYLFFFFF,1
LVSVSPAFNGNYFVE,0
FAKKFAKKFKKFAKKFAKFAFAF,0
QDKPFWSPPIYPV,0
SVDFDSESPRKPIQNEIVDLHNPLRRVN,0
SSPETLISDLLMREGTENVPRTRLEDPS,0
QGVGEEGLFGGR,0
DFPIANGERQSPVDIDTKAVVQDPA,0
IDCGTVMIPSECDPKSS,0
VAGKSFVPIALGRQSKQTPF,0
AFFARLLASVRAAVKAFAKKPRLIGLSTLL,1
ILGKIWKIKKLF,1
MSKRVEVLLTQLPRPTA,0
GYRKPPFNGSIF,0
GLFDKWAWWRWRR,1
DAHGSGNAHKQQDINHLLD,0
GFGFVTFGNEK,0
HSDGTLTSELSRLRDRARLQRLLQGLL,0
GTLKGIPTDDEQATGLERRT,0
FIGPVLKMATSILPTAICKGFKKC,1
IDWKKVDWKKVSKKTCKVMLKACKFLG,1
GFWSSALEGLKKFAKGGLEALTNPK,1
GLPRKILAAIAKKKGKAKGPLKLVAKA,1
FLPLILRKIVTAL,0
KVPVDDQFRRVNNGGATDTR,0
MTLSLINRSTACIQAVEQKYCRVPLPENNR,0
RLLRRLLRRLLRRLLRRLLR,1
LSIRRLLAAGVLKQTKGVGA,1
SDCACLHALGHVAR,0
GKVLDKFGKIVGKVLKQLKKVSAVAKV,1
FLSTLLKVAFKVVPTLFCPITKKC,1
PSSQPRGDPTGQEEPKKKVEKKTTTDPFD,0
GVIDIIKGAGKDLIAHAIGKLAEKV,1
MDLLSLGWSSLMVMFSFSLALVVWGRNGF,0
MTLIKYKRKNIQFYKKIIANGYAK,0
GCCSYPPCFATNSGYC,0
FRSGILKLASKIGSVLCAVLKNC,1
SCCPTILSCCFV,0
YKPRRKRAAIHVMLALATVLSI,0
ALYKKKIIKKLLES,0
MINGWTGNILRINLTTGAIS,0
MDILSLGWAALMTMFTFSLALTVWARNGF,0
MRFYFYSQAVDESGVTR,0
MRKPSAFHACNIIFLPLVKCASATIMLN,0
QADPKTFYGLM,0
PHVALKPGKLKFIIPSPKRPVKLLSG,1
PLPTTRGNPTGPKESKKEVESKTETDPFAW,0
AKCLRWQWRMRKYGG,1
FLGVVFKLASKVFKAVFGKV,1
APGDRIYVHPF,0
PRGSPRTEYEAARR,0
LLPIVINLLKSLL,1
PFWRRRIRIRR,1
FVVFILADPARYFQFYFPFFQHR,0
RWRWRWFRWRWRWF,1
GLPVCGESCFGGTCNTPGCACDPWPVCTRD,0
VRPYLVAFYESH,0
INIKDILAKLVKVLGHV,0
MDPAGPDNDERFTYDYYRLRVVGLIVAAVL,0
YEPLVRRRSELMGRRNPV,0
DLELQKIAEKFSGTRRG,0
NSKYVSKQKFYSWG,0
FFSMIPKIATGIASLVKDL,0
AGSDGRLYSFGL,0
GIWDTIKSMGKVFAGLILQNL,1
RIIDLLWRVWRPWWPKFVTVWVR,1
FKVQNQHGQVVKIFHH,1
LSAGPNGGSIAKLSVK,0
MSGGYSNGFALLVVLFILLIIVGAAYIY,0
LFFLLTVPFWAHYA,0
GLLDVVGNLLGGLGL,0
AYGEAANVFGAPK,0
AEVQDKGEFLAEGGGVR,0
GWWRRTVDKVRNAGRKVAGFASKACGALGH,1
VKVYNQFGTKVELGVSMRIF,0
LQKYYCRVRGGRCAVLS,1
GLPGPLGPAGPK,1
GFKDLLKGAKKALVKTVLF,1
KNKRKRRRRRRGGRRRR,1
TQSTGTSQTIAVGLWGGPDN,0
GIGKFLHTLKTFGKKWVGEIMNS,1
GLWKSLLKNVGKAAGKAALNAVTDMVNQA,0
ITIPPIVKNTLKKFIKGAVSALMS,1
RKRLRKFRNKIKEKLKKIGQKI,1
GLGSVFGRLARILGRVIPKV,1
ALWKSLLKGAGQLVGGVVQHFMGSQGQPES,0
SYNSPLHFGNGTRLTVT,0
FIGMIPGLIGGLISAFK,1
HFLGKLVNLAKKIL,1
GWFDVVKHIAKRF,1
YNPASNQCQGF,0
RRRWWWFGGGRRRWWWF,1
SGGGKEAAETFNRVESHPRPDA,0
TTPQEVLSRIKDQGIKLIDLKFI,0
ANRPVYIPPPRPPHPRL,0
KTKKTKKTKKTKKTKKTKKTK,0
LDYDHEEEDGRTKVTFDAR,0
GIKDYLKKLLQKAINKIKSLRKKQDA,0
ISGLIYEETRIFLENVIR,0
VALGGCLPTVQLGR,0
AIPCGESCVWIPCISTVIGCSCSNKVCYR,1
RLGTALPALLKTLLAGLNG,1
KLLKLLKLLKLLKLWK,1
MLNERFSILVLLLILLTFSLG,0
MHLNESLIYLFLETSCVAGAHFESLLD,0
GWGDTFGKVLKNFAKVAGVKAAK,1
SRVVKCIGFRPGSLDSRQSC,0
NSGTMQSASRAT,0
SNASVWECCSTGSWVPFTCC,0
FLISIPYSASIGGTATLTGTA,0
MLTVKIINGDGAIDKHLTLNEKEAFKKTI,0
GLPVCGETCFGGTCNTPGCSCSYPICTRN,0
VEQFHFSEVTEGHQDKI,0
LPAVFKLASKVVPSVFGLVK,1
SESYTPISGPNGYVDVK,0
EWCGTNSDCGEGECCTGGSFNRH,0
GPSASSGLWFGPRL,0
RDVAVGSFLPPS,0
GVIELTKMIVQEMGKNALTSYSL,0
FAKKLAKLAKKLAKLAL,1
SHDKPDHIRLFELKKDDLLISVHNA,0
FLGALFKVWSK,1
KYKKALKKLAKLL,1
KQRSGESQNIIVGSWGAKVS,0
LGALGCVFPELLSGNGVKFGYA,0
MKPALRDFIAIVQERLASVTA,0
GANAAKKFATIAKKFINYLW,1
ALWKNMLKGIGKLAGKAALGAVKKLVGAES,1
LGALTQLLLNLGKL,0
VVEKMFKKFRCGLSGNDC,0
MAKIGKWVVKGAAGYLGWEIGEGIWK,1
GVWSTILGGLKKFAKGGLDAIVNPK,1
WGIRRILKYGKRS,1
FFAAIFRPIVHVGKTIHRLVTG,1
VDKGSYLPRPTPTPRYRPIYNRN,1
FLSLIPHAINAISAIADHF,0
QECCSYPACNLDHPELC,0
PKLLKTFLKWIG,1
KKKKKKAAAFAAAAAFAAWAAFAAA,1
RRRFFFFFRRR,1
KNLRRIIRKIIHIIKKYGPTILRIIRIIG,1
PASDSGFLRDP,0
HIQKEDVPSERYLGYLEQLLRLKKYK,1
FLPLLASLFSRLL,1
AIGSILGALAKGLPTLRSWIKNR,1
RGLRALGRKIAHGVKAYG,1
DDALRRLLRRLLRRL,1
MDILTLGWVGLLGLFTYSIAMVVWGRHGM,0
EQVLKAVTNVLSPVFPGGET,0
MKHIQIRNSDMDWHIAANNLG,0
VQWRIRIAVIRA,1
MRDLKTYLVAPV,0
MKKCAFVSDFDGTISKQDFY,0
ADSLDWREKGVVNSIKDQAQGS,0
FIKHFIHRFSATLQLLKQLLKLLKQF,1
GDFIGSSTNLIMVTSTTLMLFAGRFGLP,0
KKKKVVEATYVLV,0
WKKIRRFVSQVIM,0
TDTKESDFLAEGGGVR,0
GYGNCRHFKQKPRRD,0
VLPLLETCSMTCWENNQTFGK,1
QLYMTLSNKCCHIGCTKKSLAKFC,0
DGSYKMHHFRWSRPPKD,0
QIAALEQEIAALEQEIAALQ,1
GIFLDKLKNFGKDVAGILLKKASCALSGQC,0
KWKSFIKKLTKKFLHSAKKF,1
RQIKIWFQNRRLKWKK,1
NNFSDCFWKYCV,0
KNWGAILKHIIK,1
FLAKNVAKKLVSHVAKKQLE,0
KKAAALAAAAALAAWAALAAAKKKK,1
WSCTKGCPDAKQCEAT,0
RIVQRIKKWLLKWKKLGY,1
GLFSVLGSVAKHVVPRVVPVIAEHL,1
FFPMLAGVAARVVPKVICLITKKC,1
FWGALAKGALKLIPSLVSSFTKKD,1
LCAARCLAIGRR,1
FLSFPTTKTYFPHF,1
VTCDILSVEAKGVKL,1
VWRKWRRFWKR,1
FFIILLTIDRYLAVV,0
YEYSVYREIIGSGHIIAR,0
GWKKWFTKGERLSQRHFA,1
GWGSIFKHGRHAAKHIGHAAVNHYL,1
EEGGSPPPVVI,0
GFIMEFAENLILRRMEDPK,0
MMKLLIIVVLLVISFPAY,0
GFLDIVKGVGLVALGAVSKS,0
MDVAEYAAHDATGLAELIREGQVSACEV,0
GFGSPNNYQSHRHSKSIPGR,1
SENTGAIGKVFPRGNHWAVGHLM,0
LVVLLLFAGVDAETHVTG,0
VPPVYADLGKGARDLFSKGYNYGFSKL,0
CLGIGSCNNFAGCGYAVVCFW,0
GTCNTPGCTCSWPVCTRNGLPVCGETCVG,0
GCCSPPCAANNPDYC,0
GAVGEIQILLNNIASQLNGDQKKADKV,0
VLIKTRLFIKRK,1
GSSGMIPFPRV,0
FFSMIPKIAGGIASLVKNLG,1
KAYSTPRCKGLFRALMCWL,1
LEEQSFSFTKFSTDQQNLILQAHY,0
GYRARPKFKAGKR,0
TKTEEGEFISEGGGVR,0
CSKGGVGRGYGIG,0
FITLLLRKFICSITKKC,0
FISGLIGGLMKAL,1
GFLGPLLKLGLKGAAKLLPQLLPSRQQ,1
MDIISIGWVSLMVVFTFSISLVVWGRSGL,0
EAAGLIPFPRVG,0
RWFKIQLQIRRWKNKK,1
GFWGKLFKLGLHGIGLLHLHL,1
KRFRIRVRVIRK,1
GRRERNKMAAAKCRNRRR,0
MAAACRCLSLLLLSTCVALLL,0
GKKYRRFRWKFKFGKWFWFG,1
AGESSNEAKGMWFGPRL,0
EREQLRDQVYDAMAE,0
DSVPEFDARKPN,0
KKKLLLLLLLLLKKK,1
YGRRRRRRRRR,0
WFKKIPKFLHLLKKF,1
GPAAVVRLLGK,0
GRRTRSRRLRRS,0
RALKRIKHVLK,1
FLPVLVKVFRYSKKTAAGCF,1
GLGRVIGRLIKQIIWRR,0
AVWKDFLKNIGKAAGKAVLNSVTDMVNE,0
GIMDTIKNAAKDVVQSLLNKASCKLAKTC,1
ATAVDFGPHGLLPIRPIRIRPLCGKDKS,1
SETGNTVTVKGFSPLR,0
FVNQHLCGSHLVEALYLVCGERGFFYTPKA,0
GMWSKIPGHLIR,1
GIHDILKYGKRS,1
PACQDFLGAMIHLKAKTNISIR,0
TQRLANFLIHSSNNFGAIFSPPN,0
QVDGFYARDLTTKAR,0
VWPLGLVICKALKIC,1
GLMDTVKNAAKNLAGQMLDKLKCKITGSC,1
ALWMTLLKKVLKAAAKAALNAVLVGANA,1
GVLSVIKNALPGIMRFIA,1
GKPRPYPPRPPPHPRPIRV,1
GCPRILMRCKQDSDCLAGCVCGPNGFCGSP,0
ALWKDILKNVGKAAGKAVLNTVTDMVNE,0
TYKKPPFNGSIF,0
FLPIVGRLISGLL,1
AQWFAIQHISLNPPRSTIAMRAINNYRWR,1
LGSAPITEEAIATPPSAETKLVPVGYGIKK,0
GVLSNVIGYLKKLGTGALNAVLKQ,1
TKVIPYVRYLWWWWW,1
FFTTFDKDNDDQQNDN,0
MATRGFSCLLLVISEIDLSVKRWV,0
MIINHNMSAMFAQRTLGVTNNAIGKDME,0
LALERRDGWLRLFGLKTRRKH,0
NYISFFRKCKNSQST,1
SIFVLPDLPYAKDALPKISAKTFDFGK,0
ARDGYIVDEKGCKFACFIN,1
RICRIVVIRCIR,1
MKTFLRLYRSLINKVLHV,1
MDAVLSVQGASAPVKKKSFFS,0
AWKEKIRQYLKNEIKKKWRKAVIAW,1
MGALVKGGLKLIGGTAASWLGWEAGERVWK,1
GVIDAAAKVVNVLKNLF,1
MKRGYEVVRDPHLNK,0
GLEETYCSMRIKENI,0
DFTGVKFDNTIGCGKG,0
AKYGMAIDLHKCAGCGACGLACKTQNNTDD,0
VGTRVVRIEDQQLITQGGTYVEDL,0
ILPIKIPIIPIRR,1
MTDTPLSAAEF,0
GSTTAESAALR,0
AGSDPNFLRFG,0
RKKRVKLLKRLV,1
GWTLNSAGYLLGPHAIDNHRSFNDKHGLA,0
VPSAADMMIRF,0
YGGFLRRQFKVVTRSQEDPNAYYEELFDV,0
EVEMLGDELRTLNQNLGLMR,0
MKIFLYLLRKKIAEVWIFQNPANFLSL,0
GKWMSLWKHILK,1
GIMDSIKGAAKEIAGHLLDNLKCKITGC,1
MKLAILGAGCYRTDAASGI,0
GEILCNLCTGLINTLENLLTTKRKRQQ,1
INWLKLGKKVSAIL,0
APRSMRRSSDCFGSRIDRIGAQSGMGCGRF,0
YVVPAAKLEAIYPKGLRVSI,0
AKTENKTVTVRQTASPIK,0
MSILPLVHAMANVRGDIEYLTEA,0
GRGGPSNYVRL,0
MYDESTGYSSALK,0
IEPHDWTKNITDKIDQIIHDFVDKT,0
GIGRFLHSARRFGRAFVGEIMNS,1
PAIEPPTGTFGFFPGVPP,0
GIGKFLHAALLFAKAFVAEIMNS,1
KAEEEVEKNKEEAEEEAEKKIAE,0
KKSCHTGLKKSAGWVIPIGTLVKNGIIVR,1
KWKLFKKIKFLHSAKKF,1
RRRWWWFRRRWWWF,1
RVVRQWPIGRVVRRVVRRVVRF,1
QDKPFWPPPIYPM,0
MDANAFRMSFG,0
RWRWRWFGGGRWRWRWF,1
ILSLRWRWKWWKK,1
MPKSPSKSSPRKGSPRKASPKRGGKGAKRA,0
LRFLRRILRRLL,1
HNKQEGRDHDKSKGHFHRVVIHHKGGKAH,1
GWKKWLRKGAKHLGQAAIKGLAS,1
ILKKFPWFPWRRK,0
LNLTKWLGKLGVILSHLNK,0
FLGSIIGALAKGLPSLIALIKK,0
AGLPTEEKPPLL,0
NVWKKILGKIIKVAK,1
MGGKWSKRSVVGWPAVR,0
PRLRRLTGLSPLRAP,0
GFFDRIKALTKNVTLELLNTITCKLPVTPP,1
GLCCPMRWSSSEG,0
GLFLDTLKKFAKAGMEAVINPK,1
HGKKVLDSFSNGMKHLDDLKGTFAALSELH,1
RTHGLLKRIKTLL,1
WRNGRWWRNGRWWRNGRW,1
WSKMDRLAKELTAE,0
GLWTTIKEGLKKFSLGVLDKIRCKIAGGC,1
KKKAAFAAWAAFAAKKK,1
SVTADNASETKVREIGQEKSS,0
GLASLLGKALKAGLKIGTHFLGGAPQQ,0
MQKTKMIFTIGPASTEEMLVFI,0
MKNLRNRSFLTLLDFSRQEVEFLLTLSEDL,0
GIMSSLMKKLAAHIAK,1
MLYPLSYMLLWTDSIVEQYKKFYLFRFDL,0
ITPATPFTPAIITEITAAVIA,1
MAAYLDPTGQY,0
FGGIDDINQIGQSD,0
GLLDVVKGAAKNLLASALDKLKCKVTGC,0
NLWAGILKHIIK,1
KLLKLLLKLLLKLWK,1
FLGVIKIATGILPTAFCKFLKKC,0
GLLGKLLKIAAKVGSNLL,1
IASGEPTSTPTEE,0
IATSPYYACNCPNNCKHKKGSGC,0
YQKSSPGSNITT,0
MAATFALHGWWRTS,0
MGAVVKGGLKIIGGTAASWLGWEAGTRIWK,1
FLPAVLLVATHVLPTVFCAITRKC,1
FNALGLSTRDLVALSGAHTIGQAR,0
DVHSNTGIFGIHTS,0
DTGPIRRPKPRPRPRPE,1
VWLSALKFIGKHLAKHQLSKLGR,0
SLLEFGMMILEE,0
GLLKKWLKKWKEFKRIVGY,1
GSAQPYKQLHKVVNWDPYG,1
MINQVSVYRQPPVLSGCRQVKTI,0
PRLSHKGPMPF,0
KWKSFIKKLTSKKLHSAKKF,1
LAKRRVLTLLRQLRRVSPSS,1
SRSEKAGLQFPVGRIGRMLKK,1
LLPIVGNLLKSLLGAKRKRAG,1
RRRRRRAAFAAWAAFAA,1
GIGAILKVLATGLPTLISWIKNKRKQ,0
MKNRVYESLTTVFSVLVVSSFLYIWFATY,0
KKLLPIVANLLKSLL,1
FLPLLFGALSTLLPKIF,1
TDPLWQLPGAHLEQYLS,0
KILKFLFKQVF,0
AFQKIKVANPVVELDGDEM,0
AGDKPGDALLDEWLG,0
ATQTSPSPKGAAARVV,0
TKIADLRSQTVDQLSDLKL,0
LKDGPCPSYMDTCCLSPDRR,0
DGPKKKKKKSPSKSSG,0
ELPGLPKGEKEQQEAIEHIDEV,0
GCRRLCYRQRCVTYCRGR,1
GSFFATPDDRH,0
GFIATLCTKVLDFGIDKLIQLIEDK,1
CPTPAIEPPTGTFGFFPG,0
PYDRISGSAFSDF,0
RRRRRRRRRRRRRRRWWW,1
CVHWMTNTARTACIAP,1
GRCTKSIPPICFPD,0
KYYGNGVHCTKSGCSVNWGEAFSAGVHRLA,1
GADFQECMKEHSQKQHQHQG,0
NPLFGIAGEDGPTGPSGIVGQ,0
AHRFAAEDFGALDTA,0
SLIQFETLIMKVAGQSGMFSYSA,0
GNATSERLPTDPVYPV,0
RVCSWIPLPICH,1
MEHSHWFRKMSSLHQEFVCFLFWPLT,0
RDCCTPPRKCKDRRCKPMKCCA,0
GADPGCQDVVTPVQ,0
AQAATPAADGKKKISIDTR,0
YIINVPPRCPPGSKFVKNKCRVIVP,0
GGEEQFDDYGHMRF,0
WKLFKKILKKL,1
FIITGLVRGLTKLF,1
GVVDTLKNLLMGLL,0
MTRSLKKNPFVANHLLNKIDKLNT,0
MQFITDLIKKAVDVFKGLFGNK,1
QDSGDGWPQQPFVPRL,0
FMGGLIKAATKALPAAFCAITKKC,0
SMLSVLKNLGKVGLGFVAAKIAKQA,1
LLSTLTDTSIKEAVATDKAP,0
HLKTAVQMAVFIHNFKR,0
FGGFTGARKSARKLANQ,0
LPRRNRWSKIWKKVVTVFS,1
MFLGPGGAGGQAFDQAR,0
GLPCGESCVYIPCISTVLGCSCSNKVCYRN,0
DAAQVPDFATAVQNLHTLSEAA,0
KKLFKKILKYLAGPATTGLPALISWKDEL,1
LNWGAFLKHFFK,1
RFIYMKGFGKPRFGKR,1
KISTGFTPFAGNGFTITEYGP,0
WCKQSGEMCNLLDQNCCEGYCIVLVCT,0
RGGRLCYCRGWICFCVGR,1
VCNEIGLLKSLCKKFVKGHLGE,1
CRWRWKCGCKK,0
RWRSFFKKAAHRGKHVGKRARTHYL,1
SIQVIVVTDGERGLIYPPLSNIR,0
RSSCFGGRIDRIGAQSGLGCNSFRY,0
MSAGVITGVLLVFLLLGYLVYALINAEAF,0
VVKCSYRLGSPDSQCN,1
FFCPFGCALVDCGPNRPCRDTGFMSCDC,0
CTMLNVLTGTQEGLR,0
GLFTLIKCAYQLIAPTVACN,1
MNKNELVSAVAERAGL,0
MKCNECNRVQLKEGSVSLTL,0
INWLKLGKKLLSAL,1
GIWGTLAKIGIKAVPRVISMLKKKQ,1
FLKLLKKLAAKFLPTIICKISYKC,1
ILGAIIPLVSGLLSHL,1
GIIDIAKKLFESW,0
SKSSSPCFGGKLDRIGSYSGLGCNSRK,0
NTFYCCELCCYPACAGCN,0
MPLNIQNIIIIINSSLIIILFSSIFFFQLT,0
DSPAGVSDAQKQ,0
RKKRKKLLKRLI,1
IDWKKIFEKVKDLV,1
FFPILGKLLSGIL,0
ARAVGIDLGTTNAVVAVLEG,0
GMWSKILGPLIR,1
GLLDMVTGLLGNL,0
GFGEDIAMKQHQVNSLLDILFVF,0
KKAAHVGKHVGKAAKK,1
GLYCCQPKPNGQMMCNRWCEINSRCCGRR,0
QEEVLKACGREFVRLQIRICGSLSWG,0
HSSGYTRPLRKPSRPIFIRPIG,1
GWKKFFKKAKKVWK,1
CCILCWKCTYNCCRAW,0
FKKLKKIANIINSIFKK,1
AENTDANFYVCPPPT,0
QDLQTLCCTDGCSMTDLSALC,0
TEFATNDGGQR,0
KPCCSIHDNSCCGI,0
TTKARATAPTTRNLL,0
LLKLLKWLLKLLK,1
MFTFAILLLCVQGCLIQ,0
ALCNCNRIIIPHMCWKKCGKK,0
VVKCSYREGSADSRCK,0
FLGALFKVVSKLL,1
FIKWKFRWWKWRK,1
AKEKIHINIVVIGHV,0
AITAGALQPGRLSVHREPWGFSREQAV,0
RNGCIVDPRCPYQQCRRPLYCRRR,1
GFRDVLKGAAKQFVKTVAGHIANI,0
GLKALKKVFKGIHKAIKLINKHVQ,1
ANIVGGIEYSINNASICSVGFSVTR,0
DHLPHDVYSPRL,0
GMASKAGAIAGKIAKVALKALGGC,1
AYVSQSGAPWGLGRISHK,0
GLLDFAKHVIGIASKLG,1
ILPWDWPWWPWDD,1
GIGTKFLGGLKTAVKGALKELASTYVY,0
GFCRCLCRRGVCRCICTR,1
TLREHLRDIKAENTD,0
ESEQNPNILEIKPGDTVKVT,0
NQDCRPGWSFYEQNCYKVF,0
KAIAKSILKWIKSIAKAI,1
VSDVPNNDDRFTY,0
ILRWPAWPWRRK,0
FLGALWEVAKSVF,1
LRFLKKILKHLF,1
SRRHHCRSKAARSRHH,0
AVSPTTLRTEVVKTFRRDKPFPHRMDCVTT,0
GGCCSHPACAANNQDYC,0
GIGASILSAGKSALKGLAKGLAEHFAN,1
DDSMEEVVTVFIRTGSSLKA,0
NFSCPPDWYAYD,0
VHLPPPVHLPPPVHLPPP,0
SFKKFWGGVKAIFKGARKGWK,1
AIVEQQGAPGLGRIINKK,0
KIKWFKTMKSIAKFIAKEQMKKHLGGE,1
MRFEHENLPQRIFG,0
PAWHHAFHWAWRMLKKAA,1
TDVILMAFSIDSPDSLENI,0
MRHSNKIRDEEMVNNTRLNA,0
GLMDTVKNAAKNLAGQLLDTIKCKMTGC,1
LFGMALKLLKKVL,1
VDPGESTFIDEGATGR,0
WTFGQGTKVEIK,0
KVYVVKIAVPCFPKSARSVS,1
AGDTSSEAKGMWFGPRL,0
KVHGSLARAGK,0
TAEVMSHVAHFGKALEE,0
WIQPKTKVIPFFFFF,1
ATSAPAKHDNIVPIAMFGGSNYASHLYLYD,0
KIKGAIKWKGAIKIKGAI,1
MERQNVQQQRGKDQRPQRPGASNPRRPNQR,0
GWKDWFRKAKKVGKTVGGLALNHYL,0
AAGKFLHSAKKFGKAFVGDIMNS,0
RSITRPVLVRRRWRVRPVF,1
QQETAAAETETRTHT,0
ALSILRGLEKLAKMGIALTNCKATKKC,1
QPDPNAFYGLM,0
GVYMEIGRCREARRRKEAV,0
GLRKRLRKPRNKPKEKLKKI,1
LKKLLKLCKKLCKLAG,1
SLGGKPDLRPCYPPCHYIPRPKPR,0
QELASFHSVSKGFMGECGFR,0
DAADFADPYSFLYRLIQAEARKMSGCSN,0
RVVSGSKGSAALALCRQFEQLSAS,0
KYGPALVIAVKKSCSLTFRA,1
RKLPDAPGMHTWGGGGKCSTRGRKCCRRKK,1
INSLKLGKKILGAL,1
GYIAYVHQNELVKR,0
ISAEAPLYAEVGMPALSPTMT,0
VLGPVLGLVSNALGGLL,0
MTDTQVFVALLLALVPAVLAYRLGTELYR,0
DGGEPAAPLWFGPRV,0
GGARSLGRKALRAWKKYGPAIVPIIRI,1
KRRLILRILRLAIRALVKKR,1
GVLDILKGAAKDLAGHVATKVI,1
NEESDLIADKFTNYNKLIRPAKH,0
RGSNLTIHPLRNIRDIFYVGNITIG,0
FLGGILNTITGLL,1
SVAALAAQGLLYNAPK,0
GFCCPSGWSSYDR,0
KGLSGPRYVWWLV,0
IQADPTFQVIQDDN,0
QGRPPGPPIPP,0
SIITGTKEAKLGQLGKQIACRLGNTC,1
FLGGLLFGIFKHLGKK,0
ILGPVLGLVSDTLDDVLGIL,1
VRRFAWWWPFLRR,1
QLGPPPRPQIPP,0
KRKIFLRTKILV,1
RCLPAGKTCVRGPMRVPCCGSCSQNKCT,1
KNWKKILKKIIKVVK,1
MDITSIAWGALMVVFTFSLSLVVWGRSGL,0
FLPLIAGVAASILPKIFCFITKKC,1
SASGGAGESSGMWFGPRL,0
GFFGKMKEYFKKFGASFKRRFANLKKRL,1
MELILNKEYRLVIIVLISVYYRYRFFLLLF,0
GFMSKVANFAKKFAKGGVNAIMNQK,1
DGAETPGAAASLWFGPRV,0
DQAAALPYYLYE,0
GCTPRNGFCRYHSHCCSNFCHTWAIMCL,0
FLPVIASVAAKVLPKVFCFITKKC,1
GILGNIVGMGKQVVCGLSGLC,1
MKSIAKFIAKTVAKQGAKQG,1
DMYSKSTAAMSTYAGILTDQVLSMLKGEE,0
KADAVFAFQLR,0
KKKKKKIIKKII,1
GIPCAESCVYIPCTITALLGCKCKDQVCYN,0
DVNGGGHTLPQPLYQTTVVL,0
RHEIKDSGLLDYTEV,0
GLPTCGETCTLGKCNTPKCTCNWPICYKD,0
MAWKAPKIVEVPCGMEINMYVSATRK,0
MDYETDTDTELVTETLVEEVSIDGMCGVY,0
PIDERLRTCERLSYP,0
KRKILILILIKRK,1
ASVVKTTIKASKKLCKGATLTCGCNITGKK,1
ISAVKEMTVRDALNSA,0
MIRVARESFALVSVIGFVWMMCTVANLVA,0
DLFQVIKEKLKELTGGVIEGIQGV,0
LRPAVIRPKGK,0
EQPGGDKVNLGYFTN,0
EEVFDDTDVGDELTNALESVLTDFKD,0
MEWYPEAAANAERYTQIVWYK,0
KEGYPDGQNGKKIPCAINDNISKTEQA,0
RKRAARLLKRLV,1
GILLDKLKNFAKGVAQSLLNKASCALSGQC,0
KYCYNDDDCKSECMVVKYCQQGTCYCKGN,0
FTAAAEAEAAAA,0
GWTLNSKINLKALAALAKKIL,0
MYHYYSPDALRTN,0
MKWAAPIVSEICVGMEVTSYESAEIDTFN,0
KNWAVLVAGSNGWPNYRHHA,0
GIPCAESCVYIPCLTSIGCSCKSKVCYRN,0
SMDDLDDPRLMTMSFG,0
IGAGVGRDGTIAATKGKAKTLAELIMYDS,0
GVFDIIKDAGKQLVAHATGKIAEKV,1
LRWCIPSGELCFRSDHIGCCSGKCAFVCL,0
LRWTPTPSYPRYPTRSRGSRWSR,1
VAGRSVVKIAEGYL,0
MVKTPITEAIAAADTQGRFLS,0
RIGSILGRLAKGLPTLKSWIKNR,1
VKTLLHIFQRF,1
GEGFLGMLLHGVGHAIHGLIHGK,1
ALFSILRGLKKLGKMGQAFVNCEIYKKC,0
GSSGMISFPRT,0
EQQCTPGQTKKEDCNNCTSGD,0
GDVYADAAPDLFDFLDSSVTTARTINA,0
GVVVRIGRVVVRGVRR,1
GVVTDLLKTAGKLLGNLFGSLSG,1
KLKKLLKRWRRWWR,1
IRDECCSNPACRVNNPHVCRRR,0
KKAAAMAAAAAMAAWAAMAAAKKKK,1
RILTMTKRVKMPQLYKQIVCRLFKTC,1
TSTLSWLDEITMEELERNPY,0
EQATLIDFGKLNADIVPDKNGGMTQ,0
ILGPVLSLVGNALGGLLKNE,0
GFGSKPLDSFGLNFF,1
FINKAGKLQSQLRTTVVAAAAFLDAFQKVA,1
EEMKKSDEEIKKYIEEIKKVEEESKYDEE,0
SDAVADGEHAISGVVDS,0
MNILHICVTSKWFNIDNKIVDHRP,0
VVGGDECNINEHRSLALMYA,0
RVISVVQGACRAIRRIPRRIR,0
SKFPLAGIFSVPGVKRVVVI,1
GMKCKFCCNCCNLNGCGVCCRF,1
RKVAPALIKSFVFLFKFKKG,1
SDNNQQGKSAQQGGY,0
MEFSPRAAELTTLLESRISNFYTNI,0
KKWRKLLKWLAKK,1
ATAEETRAMLHRAFDTLA,0
FLSLIPHAISAISAIAHHL,0
MLLHRLSKFCKIERDIVYIS,0
PPCRGIFCRRVGSSSAIARPGKTLSTFITV,1
ERERERERERERER,0
VNSTYIGYAPIDDPK,0
HFLGTLVNLAKKIK,1
LAVPGILVPEALGLGNV,0
DDKCSIGCKGSATAPTFLNGH,0
RRWQWRLCYCRRRFCVCVG,1
IIGDTINGAITTADNIVGRIGII,0
AVVFDPQPALWAEADTQLEP,0
WIQPKTKVIPAVRAL,1
KVYFEETFENGWKIWSKW,0
NYMKPKLLYSNGGH,0
DEAVVHDSYAFDKNQLIPVGARAE,0
IWGIGCNPCVGDEVTALITRGEA,0
KFKSFIKKLTSKFLHSAKKF,1
IIGAIAAALPHVINAIKNTF,1
RWCVYARVRGVRYRRCR,1
NLCASLRARHTIPQCKKFGRR,1
VRAVCTTLKSRGHEECWSLQ,0
GIGSALANAAKLVAGIV,0
FRPALIVRTKGK,0
LLIILRRRWRRQARARSR,1
KARQWQSKIRRTNPIFAIRR,1
GLFRALLRLLRSLWRLLLRA,1
SNGSNIDVAGAVNTLVETAGKLFQ,0
QWFGPYPPVNYIN,0
VNEPADARFTYDYGLVVGLIVAAVL,0
MSQNTKGKLSLVGLSLMI,0
QKRPPGFSPFRK,0
GKIIKLKASLKLL,1
SFHVFPPWMCKSLKKC,1
GFGPAFHSVSNFAKKHKTA,0
ADDKNPLEECFCEDDDYCEG,0
ADSGEGDFLAEGGGVRKLIK,0
RRWPWWPWKWPLI,1
HSQGTFTSDYSKFLDTRRAQDFLDWLKNT,0
GTPCGESCVWIPCISSAVGCSCKNKVCYKN,0
QGWAWPRPQIPP,0
GLFTLIKGAYKLDAPTVACN,1
IVPFLLGMVPKLICLITKKC,0
KKLGEPSCNKLK,1
MIDKAIIVLGALIALLELIRFLLQLLN,0
FKIPPIVKDTLKKFFKGGIAGVMGQ,1
MQWTTPSYTDLRFGFEITMYIANR,0
GIHHILKYGKPS,1
GIPCGESCVYIPCITAAIGCSCKSKVCYRN,0
MGGVGKTKRMRRLKRKRRKMRQRSK,0
WDLVVVSAGVAEVGV,0
FFSLIPSLVGGLISAFK,1
VVNGKPTRTNVGRMVSLKYRNKHI,0
KWKLFKKIFKCWRWQWRWKKLGA,1
RLEKARHGSCNYVFPA,0
VQLRIRVCVIRR,1
TPGGIDFISGGPHVAQDVLNAIKNFFK,1
RKGLQKLVGRVHRLLRK,1
EKFPAVNQKPQAAL,0
KRFGRLAKSFLRMRILLPRRKILLAS,1
MTAFASLREPLVLANLKIKVHIYRMKR,0
TMCYSHTTTSRAILTNCGENSCYRKSRVHP,0
LKAAAAAAKLAAKAAKAALKAAAAAAKL,1
QDTYLNAKKYIEFYLVVDNGMFKYSFTV,0
APDVHTRTQNGLPPGLPS,0
LNWKAILKHIIK,1
GIFGKILGVGKKVLCGLSGTC,0
QSCCSAPLCALLYRVMC,0
MRITVNVDGTSYTDEVEPRTLLVH,0
MIVKRDKSIVICGSYE,0
LLIAAFKKLVKK,1
CCDPDWCDAGCYDGCC,0
HGEVEVSAGKNLSPV,0
AKKVFKRLEKLFSKIFNFK,1
CSCSSLMDKECVYFCHLDIIWVNTPEHIVP,0
GIPCGESCVFIPCISTVIGCSCKNKVCYRN,0
CNEAQEHCTQNPDCCSESCNKFVGRCLSD,0
INGSLDKRVQDCYHG,0
MLMPKRVKYRREHRGRMKGRAKAVRI,0
GNAPAADMVLKAPGDAKMTKTAVP,0
CLGVGSCNDFAGCGYAIVCFW,0
GILSSLWKKPKKIIAK,1
PRPRCRRRFCRPRP,1
AAGRYQLLSRYWDAYR,1
FLKLLAGLLKNFA,1
GRRVSARMLGDVMAV,0
PQVGLIPFPRV,0
GEFLKCGESCVQGECYTPGCSCDWPICKKN,1
GFVDFLKKVAGTIANVVT,1
GLPICGETCFFGKCNTPKCTCINPICYKN,0
MGKGDRRTRRGKIWRGTYGKYRPRKKK,0
EQSAGFREYIDFFDGYSLTY,0
RICPRILMECSSDSDCLAECICLEQDGFCG,0
MVKTVAVMVGSLRKDSLAHKLMKVLQK,0
VEWTDAERKAIASL,0
GIGAVLKVLALISWIKRKR,1
MWYLLWFVGILLMCSLSTLVLVWLDPRLKS,0
DLPSGWSSYEGH,0
TDMLAVSVSSTDAIGHKYGT,0
AQLQNPVGYELQHK,0
KWKSFLRTFKSPVRTVFHTALKPISS,1
FAKWAFKWAKK,1
CCHAPYCTPPHLGCPCC,0
QVWYDREVTAFVEPG,0
NQGRHFSGGALIHARFVMTAASSFQ,0
SCGNLGESCSAHRCCPGLMCMGEASICIPY,0
GGWSHWSPWSS,0
CRPPGMVCGFPKPGPYCCSGWCFAVCLPV,0
VKVGINGFGRIGRVFRA,0
HFLGTLVNLKKKIL,1
DCTRWIIGINGRICRD,1
GIWSSLLKKLKKIIAK,1
LNLKGIFKKVASLLT,1
NFQRDVEITWGDMRR,0
MSRLFFVCRKVR,0
VTDSQYALGIIQAQPDQSES,0
FLPVIAGLAAKVLPKLFCAITKKC,1
MYAFSYSTPRTLDEVSAAS,0
MTKDEPLEGNVGVLT,0
VIAFAKTKEAKAKLKGQAKG,1
RRRWIVVIWRRR,1
GLFGILGSVAKHVLPHVIPVVAEHL,1
GLPCGETCFTGKCYTPGCSCSYPICKKIN,0
LPAVFKLASKVFPAVYCKAS,1
AEVLMDFPQLTMTLPDGREESVMKLTTLVA,0
RLLFRKIRRLKR,1
GIGDILKNLAKAAGKAALHAVGESL,1
KLWLLWLKWLL,1
GRGASSNYVRL,0
FLFKLIPKAIKGLVKAIRK,1
ALAHFLKKAIKK,1
AFCCPSGWSAYDQNCY,0
DSPTPNTYNIYYGTAASAN,0
AKKVFKRLGIGAVLWVLTTG,1
MCDILLNVLNIVFIGIAIILVIIC,0
MSIFRIHLDGNKKA,0
IGKKFKRIVKRIKKWLRKL,1
GLHKVMREVLGYERNSYKKFFLR,1
LYAAIIAKLLES,1
KLFKRWKHLFR,1
DGRTPALRLRF,0
MKVYTDIFTRDEFLSDSYPM,0
ANAKVPSHTISNPF,0
QPRGRRQPIPKARRPEGR,0
FALESFWDGKGNASAHAMEMTK,0
FLGVVFKLASKVVPAVFGKV,1
AVDLAKIANIANKVLSSLF,0
VGDLKTPAILRVTNAYLFN,0
SIGFDGLNDPDIVAR,0
VRLIVAVRIWRR,1
VWCDWEWCYGDCHCFD,0
NYVPEAQKLFQAHN,0
VLLDGNGEVVQNGGTYYLLP,0
FLGGLIKWKWPWWPWRR,1
INPFVAGVAAEMMQHVYCAASKKC,1
MRNAVSKAGIISRRRLLLFQFAG,0
GLWKNMLSGIGKLAGEAALGAVKTLV,0
ILPWKKPKKPKRR,1
MDYLITFYHSPQTNS,0
DVDFNSESTRRKNKQKEIVDLHNSLKKTV,0
ELVTLSGAHTIGQAR,0
GKWMSLLKQILK,1
ENMFNIKSSVESDSFWG,1
GIGSALAKAAKLIEGMV,0
GFMDTAKNVAKNVAVTLLDKLKCKITGGC,1
GKKLAKTIAKEVAKQGAKFA,1
FLGKVFKLASKVFPKVFGKV,1
SADQTGMNKAALSPIRFISKSV,1
MKIIGLIGGIGSGKTTVAQLFVDEGFPLVD,0
FKVVISKPGLSVRVGTALVT,1
MAPRGFSCLLLLTSEIDLPVKRRA,0
PAWRKAFRWAWRMLKKAA,1
GVTFHDDDLIPF,0
SPVDKTFLARYREN,0
WKKVFKRLEKLFSKIWNWK,1
RKCLRWQWEMRKYGG,1
KKLFKKILKYLGIGKFLHSAKKDEL,1
QRPYTQPLIYYPPPPTPPRIYRA,1
KAYSMPRCKYLFRAVLCWL,1
RSCCPCYWGGCPWGQNCYPEGCSGPKV,0
GLLGLLGSVVSHVVPAIVGHF,1
LKALRKALKHLA,1
FLSLIPKIAGGIASLVKNL,0
GFGSLLGKALRLGANVL,1
ILSLRWWRKWWKK,1
EQVDKLVSAGIRKVLFLDGI,0
FLGFLFKVASK,1
KSKEKIGKEFKRIVQRIKDFLRNLVPRTES,1
FLPFLIPALTSLISSL,1
IEPERQEEEEEETRQRVRRGQVRQQQQ,0
YQEPVLGPVRGPFPI,1
FLPILAGLAAKLVPKVFCSITKKC,1
DCLPCGHDVCC,0
MLDIFILMFFAIIGLVILSYIIYLL,0
KWKLLLLLLKWK,0
FKTWKRPPFQTSCWGIIKE,1
GLLSGVLGVGKKVPCGLSGLC,0
FLPLAVSLAANFLPKLFCKITKKC,1
ILGKLLSTAAGLLSNL,1
MKKSIRRSGGKSKGARLWYVGGTQY,0
ILPKKKPWWPWRR,1
LRDYANRVINGGPVEAAGPPA,0
GILDSLKNFAKDAAGILLKKASCKLSGQC,0
KCRWRWKCCKK,0
FLSGLIGGLAKMLGK,1
KCCMRPICMCPCCIGAG,0
KVKVKVKVPPTKVKVKVK,1
GIPVCGETCTLGTCYTAGCSCSWPVCTRN,0
QTFQYSRGWTN,0
KWKLFLGILAVLKVL,1
EVHNFACLGKPDPGGCAHYIYRRYYYV,0
CATCQIADSHRSH,0
KKAAARAAAAARAAWAARAAAKKKK,1
FFGHLFRGIINVGKHIHGLLSG,1
KFWSLLKKALRLWANVL,1
FVPIFTYGEVRRMQEKERYKGQ,0
QLPFVAGVACEMCQCVYCAASKKC,1
AANAKLSERLDPCCREPPCASTHIDRCG,0
LEAIPMSIAPEVKFNKPFVF,0
GYPRKTVDVFTFTN,0
KCRRYCYRQRCVTYCRGR,1
GKPDGAFDNITVVESVFI,0
FLSLIPHIVSGVASIAKHF,1
FLGALFKFASK,1
ECCEPSWCDAGCTDGCC,0
ARLDVAAEFRKKWNKWALSR,0
LTPNTLSDLNSK,0
HRHQGPIFDTRPSPFNPNQPRPGPIY,1
KWKLKPLLKKLLKKL,1
GRRKRKWLRRIGKGVKIIGGAALDHL,1
HDRPKFCYLPADPGECLAHMRSF,0
ASEALVEIKPGEIGMVSGIPDEHLRRFVVI,0
EEIIRKLQQLLFIHFRIGRRRRRRRR,0
ADGSLLGRMKPA,0
AIPTPHVYKVVPDGALND,0
GSPGLIPFGRS,0
TRRTAFLFDELSLWHSASQYALILPVGG,0
DEQTGSKGPNENLPSQKDLAKASLTEV,0
FENFLNANAYVNLD,0
PKHKEMPFPPKYPVEPFT,0
GIGKFIHSAKRFGRAWVGEIMNS,1
RVCSAIPLPICH,1
YCNINEVCHYARRNDKSYWL,0
DIGKYCGYAHALN,1
GFPCGESCVYIPCFTAAIGCSCKSKVCYKN,0
GADVAHKQQSVNHLLYLVTSHYPSLDYSLL,0
TTSIRRRYQVSLIRRHRGKR,1
KWKSFIKKLTSAAKKVVTTAKPLALIS,1
MKYLAFLIKGKTTHFDVGK,0
HGVSGHGQHGVHG,0
AWKVFKRLGIGAVLWVLTWG,1
STLHLALRLRGG,1
ALYKKFKKKLLKSLKRLG,1
CKSKGAKCSKLMYDCCSGSCSGTVGRC,0
FLPLLASLFSGLF,1
APKNIVLFGATGMTGQVTLGQALE,0
FLPLIGKILGTIL,1
INWLKLGKKILGAI,1
QRFSQPTFKLPQGRLTLSRKFR,1
AIHNLAHKLLKKLTRAVKKLAN,1
ATDYDEEEDDRVKVRLDAR,0
GVLDAFRKIATVVKNVV,0
KWFKIQLQIKKWKNKK,1
CTPPDGACGFHYHCCSKFCITVSSTCN,0
GVCRCVCRRGVCRCVCRR,1
RLARIVVIRWAR,1
GGAGHVPEYFVGIGTPISFYG,1
QESGEVIIEIPR,0
DLPKINRKGPRPPGFSPFR,0
GIFSKLAGKKLKNLLISG,1
VVKQGLLAGRIPGL,0
FLSLIPHIVSGVAALAKHLG,1
FAKKLLAKALKL,0
MTRRYWNIDLE,0
AIGGLSRSFPVEAFE,0
GSSGLIPMPRV,0
MAVKAISGCDKDQELI,0
GSVAVFPAENGVQNTESTQE,0
GILDAIKAFANALG,1
ECTRSGGACNSHTQCCDHFCSTATSTCI,0
DLWSWGQMIQETGLLPSYTTY,0
GLLDGLLGTLGL,0
SPGALEDEHNDNFLRF,0
FLPLLAASFACTVTKKC,0
KLKKALRALARHWKGWLRRIGRRIERVGQH,0
PKLLKTFLSKWKKIG,1
SIGAKILGGVKTFFKGALKELASTYLQ,1
KWKSFLKKLTSAAKKVLTTALKPISS,1
RLARIVPIRVAR,1
FHGHTKDSKKNIKK,0
IIGGRESRPHSRPYMAYLQI,0
GIWKSLFTKLLKG,1
MVPYRNPRHQHVASVLRSGG,0
CAVVDVPFGGAKAGVK,0
FSTKTRNWFSEHFKKVKEKLKDTFA,1
RNEEERLINHLFKERGYNKELRPAQT,0
AKKVFKRLGIGKFLHSAKKF,1
MIKVPLPDVIFVAHRNKHTRQGNITQTKY,0
RRRWWWRRWWRR,1
KPRLLLFPVVVLVPLVV,0
SKHSSLDCVLRP,0
METFCYMKWPVRHHKSRRVSH,0
MFHVLTLTYLCPLDVVQTRPAHV,0
IAPWKWPWWPWRR,1
NPVDDHHDDHHDAPIVEHHD,0
FLSTLWNAAKSIF,1
AKTDPPIHCASLRSS,0
AKRLKKLAKKIWKWK,1
ILPILGNLLNSLL,1
HEEQITQPSATNDEA,0
VNWRRILGRIIRVVR,0
LGYITCPGSNLGTLR,0
VAIYGRDDRSDVCRQVQHNWLVCDTY,1
ITACLDPDGWKEPGPLPGISTK,0
DRVYIHPFHLLVYS,0
AIHDILKYGKPS,1
GLLSVLGSVAKHVLGHVVPVIAEHL,1
GFGKALKLLKKVL,1
KRRKAIKILKLIAKLIRKKR,1
KNWKKIASIGKEVLKAL,1
GSKKPVPIIYCNRRAATGKCQRM,1
KWKARKNFIKGSSLGWLIQLFRKR,1
GWKSVFRKAKKVGKTVGGLALDHYLG,1
FLSTIWNGIKSLL,1
KMDCRPRPKCCKK,0
ATFDIVNQCTFT,0
MVSEAIAALKEREGSSEFAIGKKKE,0
FLSAITSILGKFF,0
GEKLKKIGQKIKKFFQKL,1
FLPLLLAGLPSFLCLVFKKC,1
LKLNSIVSWAKKVL,0
GIGGALLSVGKSALKGLTKGLAEHF,1
GFCIPIRCPGHTRQIGTCFGPRVKSCRKW,1
GIGGVLLSAGKAALKGLARVLAEKYAN,0
FKGGGPYGQGVTRGQDLSGKDF,0
