Sequence,label,value
GGHGLLKRIKTLL,0,
RRWRRWRRWRR,1,1.103776651
RYRRKKKMKKALQYIKLLKE,1,1.643452676
ALWKDILKNVGKAAGKAVLNTVTDMVNQ,1,0.871504326
KWLKKWLKWLKK,1,0.074391019
FIHHIIGALGHLF,1,1.421603927
RFRRLRKKKRKRLKKI,1,2.348033966
FLSTALKVAANVVPTLFCKITKKC,0,
GIGGVLLSAGKAALKGLTKVLAEKYAN,0,
NGVQPKYRWWRWWRRWWW,0,
FLFSLIPSAIAGLVSAIRN,0,
IWRIFRRIFRIFIRF,1,1.204119983
RWWRWWRRWWRR,1,0.542218164
WKSYVRRWRSRY,1,2.0
MKTFLRLYRSLINKVLH,0,
WRWRCRRRFCRWRW,1,0.903089987
GLFAVIKKVASVIG,1,2.261573986
GVVDILKGAAKDIAGHLASKVANKL,1,2.0
IIPLPLGYFAKKT,0,
RILTMTKRVKMPQLYKQIVCRLFKTC,0,
AAPRGGKGFFCKLFKDC,1,1.301029996
KWKLFKKIGIGKFLHSAKKF,1,0.365404862
CKLLKTFLSKWIC,0,
ILKLFKRIVKRILKFLRKL,1,0.903089987
FFSLIPSLVGGLISAFK,0,
RRRWIVVIWRRR,1,0.057464538
KKVLFKLKFK,1,0.086365919
QKKIAVRLSA,1,0.856456674
STAHLVLRLRGG,0,
PLPFPRPGPRPIPRPLPFPRPGPRPIPRP,0,
GRFRRLRKKTRKRLKKIGKVLKWI,0,
KVALGVAQNYLNPQQ,1,2.193124598
FLGSVFKLASKVFPAVFGKV,0,
GKWMSLWKHILK,1,1.50851667
QIAALEQEIAALEQEIAALQ,1,2.397940009
ISLNPPRSTIAMRAINNYRWRSKNQNTFLR,0,
RIKRFWPVVIRTVVAGYNLYRAIK,0,
FIGALLGPLLNLLK,1,1.698970004
KRIVQRIKDFLRNLVPRTES,0,
GIMSSLMKKLAKIIAK,1,0.810847732
GLWQKIKDKASELVSGIVEGVK,0,
ALWKTMLKKAAHVGKHVGKAALTHYLN,1,0.277257088
VIVFVASVAAEMMQHVYCAASKKC,1,0.477121255
ILPILSLIGGLLGK,0,
SAPRGCWTKSYPPKPCK,0,
GIGKFAHSAKKFGKAFVGEIMNS,0,
RIKRFWPVVIRTVVAGYNL,0,
RREAEPEAEPGNNRPVYIPQPRPPHPRL,1,1.806179974
GGARSLGRKALRAWKKYGPAIVPIIRI,0,
GVCRCVCRRGVCRCVCRR,0,
FLGMIPGLIGGLISAFK,0,
FLALIGRVLSGIL,0,
FIKHFIHRFSGGRWRWRWF,1,1.377573919
GIGSAILSAGKSIIKGLAKGLAEHF,0,
KEFKRIVQRIKDFLRNLV,0,
GVVVRVGRVVVRWVRRRR,0,
FFGSIIGALAKGLPSLISLIKK,0,
TSRCYIGYRRKVVCS,0,
SALGRLASKVVPAVIGKVTT,0,
AANCITLGKA,1,1.477121255
RRWPLKPKKWPLI,0,
AIHKLAHKLTKKTLRAVKKLAN,1,1.096910013
KIKWFKTMKSIAKFIAKEQMKKHLGGE,0,
INWLRLGRRILGAL,0,
VDKPDYRPRPRPPNM,1,2.301029996
KCRRLCYRQRCVTYCRGR,1,-0.602059991
KIKGAIKWKGAIKIKGAI,1,0.920042559
KKWMSLLKHILK,1,1.397940009
RKKRLKLLKRLL,0,
FLKLLKKLAAKLF,0,
VKWRWKWKWRWKWKWKV,0,
ALWKTLLKKVLKAAAKAALNAVLVGANA,1,0.642448293
KKTWWKTWWTKWSQP,1,0.903089987
FLPFIAGVAAKFLPKIFCAISKKC,0,
KKKKKKLLFAAWAAFAA,1,0.903089987
YKLLKLLLPKLKPLLFKL,1,0.506268652
KWKARKNFIKGSSLGWLIQLFRKR,1,1.635689991
ILPWRWPWWPWRR,0,
GFGSLLGKALRLGANVL,1,1.488630305
LKKLLKKLLK,1,1.795880017
GVIKSVLKGVAKTVALGML,0,
FLPIIAGIAAKVFPKIFCAISKKC,0,
GWRLLLKKAEVKTVGKLALKHYL,1,0.451544993
LNWGAILKHIIK,1,1.714746944
GLFAVIKKVAAVIRRL,0,
KKAAAKAAAAAKAAWAAKAAAKKKK,0,
FIPLVSGLFSRLL,0,
KFLKKAKKFGKA,1,2.565081528
FLPILGKLLSGIL,0,
ALWKEVLKNAGKAALNEINNLV,1,1.505149978
GSKKPVPIIYCNRRTGKCQRM,1,0.635969771
GAPKGCWTKSYPPKPCK,0,
KKLKKLLKKWKKLLKKLK,1,1.639583426
RLLKFIKKLL,0,
KLLKKPLKLKL,1,0.799340549
GVFGLLAKAALKGASKLIPHLLPSRQQ,1,0.710928743
VQWRIRIAVIRK,1,1.31822287
GIGKFLHSAKKFGKAAVGEIMNS,0,
GFCWYVCVYRNGVRVCYRRCN,1,-0.568329474
FFPLLFGALSSMMPKLF,1,0.081527688
ILPWKWPWWPWRR,1,0.849485002
GALFGLASKVFPAVFGAFKK,0,
GYKYINNIIKYINKFFKYIW,1,1.085342559
WKKVFKRLEKLFSKIWNWK,0,
HSSGYTRPLRKPSRPIFIRPIG,0,
FLPKLLAGLPSFLCLVFKKC,0,
SPRRRTPSPRRRRSQSPRRR,1,2.0
FLPAVIRVAANVLPTAFCAISKKC,1,0.602059991
IWNKIAKSIGKVLEKAL,0,
KVYVVKIAVPCFPKSARSVS,0,
GANAAKKFATIAKKFINYLW,1,0.850846749
GLFGVLAKVAAKVVPAIAKHF,1,1.204119983
FKARRWQWRM,0,
GIGKFLHSAKKFAKAFVGEIMNS,0,
FLPGLIKVAVGVGSTILCKITKKC,0,
FDLLGLVKSVVSAL,0,
KKLFKKILKYL,1,0.602059991
WRNGRWWRNGRWWRNGRW,0,
GLLGSLFGAGKKVACALSGLC,0,
GFLGPLLKLAAKGVAKVIPHLIPSRQQ,0,
VNWKKILKKIIKVAK,1,1.416640507
KLLKVIKKLL,0,
GFFDRIKALTKNVTLELLNTITCKLPVTPP,0,
RRIRPRPPRLPRPRPRPLPFPRPG,0,
ILPIKIPIIPIRR,0,
DANVENGEDAEDLTDKFIGLMG,0,
FLPFIARLAAKVFPSIICSVTKKC,0,
IKKWLSKIKKLLK,1,0.495544338
AKKFFKKPRVIGVSIPF,1,0.731535026
RVKRVWPLVIRTVIAGYNLYRAIKKK,0,
WRRWWRWWRRWWRR,1,0.301029996
RRWYRWWRRRWYRWWR,1,1.477121255
RWCVRARVRGVRYRRCW,1,1.096910013
FLPIAGKLLSGLSGLL,1,0.398080359
IKKILSKIKKWLK,1,0.671172843
VNWKKILAKIIKVVK,1,1.432969291
FKCRRWQWRMKKLGAPS,1,1.76902643
KNWGKILKHIIK,1,1.50310462
FIGLLISAGKAIHDLIRRRH,0,
FFAAIFAPIVHVGKTIHRLVTG,1,1.806179974
SAVLRHLRRFLLRKHRKH,1,2.0
GVSKILHSAGKFGKAFLGEIMKS,1,2.301029996
GKFHQIKKMFLSVGVKVTSLKRIQFGDF,1,1.301029996
ILGAAWNGAKSLF,0,
LFGFLIPLLPHIIGAIPQVIGAIR,0,
LHAHKLRVDPVNFKLLSHSLLVTL,0,
ILPKKKPKKPKRR,0,
GAHDILKYGKPS,1,1.698970004
RPRPNYRPRPIYRP,1,0.62548426
KWKSFIKKRTSKFLHSAKKF,1,1.301724275
FLPVIAGLAAKVLPKLFCAITKKC,1,1.0
GILKTIKSIASKVANTVQKLKRKAKNAVA,1,1.698970004
RFRRLRKKFRKRLKKI,1,2.408239965
SSMKLSFRARAYGFRGPGLQL,0,
PKLLKTFLKWIG,0,
FLPLLLAGLPSFLCLVFKKC,0,
GRRKRKWLRRIGKGVKIIGGAALDHL,1,0.144150142
FLPVILPVIGKLLNGIL,0,
IRIKIRIKIRIK,1,2.508628528
GFGKAFHSVSNFAKKHKTA,0,
GLFEVIKKVASVIGGL,0,
FKAWRWAWRMKKLAAPS,1,1.778104132
GFKEVLKADLGSLVKGIAAHVAN,0,
VIRRRRILAAVV,1,2.361114478
GGLRSLGRKILRAWKKYGPIIVPIIRIG,1,-0.100343332
GMASTAGSVLGKLAKAVAIGAL,0,
GVVDILKGAAKDIAGHLLSKVMNKL,1,2.0
FLPIALKALGSIFPKIL,0,
KWKSFIKKAKTSFLHSAKKF,1,1.015761028
ILPWKWPYLPWRR,0,
IKKIWSKIKKWWK,1,0.671172843
LLKALKKLLKKLL,0,
LLPIVGNLLKSLLGAKRKRAG,1,2.0
GLFDVIKKLLKKIGGL,1,1.096910013
LRFLRRILRRLL,0,
RCPGHTRQIGTSFGPRVKSCRKW,1,1.505149978
WLRAFRRLVRRLARGLRR,0,
RAGLKFPVGRVHRLLR,0,
RRWYRWAWRMR,1,0.638770794
FLGALFWVASK,1,2.208142506
RGLRRLGRKIAHGVKKYGPTVLRIIRIA,1,-0.042963576
AIHKLAHKLLKKLLRAVKKLAN,1,0.653212514
YVLAKRKRAIFI,1,2.301029996
RRFFFRFRRF,0,
ATAWDFGPHGLLPIRPIRIRPLCGKDKS,0,
GLLSGILGAGKHIVCGLSGLC,0,
IISTIGKLPKWIIKTVNKFTKK,0,
FYTHVFRLKKWMQKVIDRFGG,0,
FLPAIAGILSQLF,0,
ALWKTLLKKVLKAAAKAALKAVLVGANA,0,
KKLIKVFAKGFKKAKKLFKGIG,1,-0.093099084
GIGAVLDVLTTGLPALISWIKRKRQQ,0,
WLRRIKAWLRRKRK,1,1.137224428
KWKKFKKIGAVLKKL,1,0.0
KKLLKWLKKLL,1,1.224331462
LPAVFKLASKVFPAVYCKAS,0,
LKKLLKKLLKKL,1,1.042887816
FLGKVFKGAVKVFPAVFGKV,0,
GIGDILKNLAKAAGKAALHAVGESL,1,1.886490725
LLPIVGNLLKALL,0,
AIFIFIRWLLKLGHHGRAPP,1,2.10720997
GFMDTAKNVAKNEAGNLLDNLKCKITKAC,1,0.477121255
ATLHLVLRLRGG,0,
LKAAAAAAKLAAKAAKAALKAAAAAAKL,0,
FLPGLIKAAVGVGSTILCKITKKC,0,
AALKGCWTKSIPPKPCSGKR,0,
FLPGVLRLVTKVGPAVVCAITRNC,0,
GFGSFLGKALKAALKIGADVLGGAPQQ,0,
LIKIVPAMICAVTKKC,1,2.123042811
GVWSTILGGLKKFAKGGLDAIVNPK,1,1.204119983
ILPILAPLIGGLL,0,
ILPWKKPKKPKRR,1,0.775954361
VARGWGNGCGLFGKGG,1,2.0
RRLCRIVVIRVCRR,1,0.347202411
FIPGLRRLFATVVPTVVGAINKLPPG,0,
FPVGRVHRLLRK,0,
KWFRVYRGIYRRR,1,0.828288497
IIGPVLGLIGKALGGLL,0,
RGRGRGRGRG,0,
VNWKKILKKIIKVVK,1,1.416640507
FIGGLRRLFATVVGTVVGAINKLGGG,0,
RRIIRKIIHIIKK,1,-0.449008675
AFGVLAKVAAHVVPAIAEHF,1,1.806179974
LRFLKKILKHLF,0,
IDWKKIFEKVKNLV,0,
HFLGTLKNLAKKIL,1,1.505149978
GLVSSIGRALGGLLADVVKSKGQPA,0,
GNNRPVYIPQPRPPHPRI,0,
LCAARCLAIGRR,0,
NWVKEWIKYLKSLFSHAFEVVKT,1,0.602059991
PLPFPRPGPRPIPRP,0,
AWKETIRKYLKNEIKKKWRKAVIAW,1,0.903089987
EWKLPDLIINHITLTRRNCFKYRCG,0,
FFRRFFRRFFRR,0,
KVDKGSYLPRP,0,
FLPKLFAKITKKNMAHIR,1,0.0
KKKAAFAAWAAFAAKKK,1,1.505149978
FLGGVFKKASKVFGAVFGKV,0,
AAGMGFFGAR,1,1.108873537
HFLGTLVNLAKKKL,0,
GILGKLWKGVKSIF,1,1.359271222
KWKLWKKIEKWGQGIGAVLKWLTTWL,1,-0.726707925
FRSGILKLASKIPSVLCAVLKNC,0,
TRWLWLLRGGLKAAGWGIRAHLNRNQ,1,0.939997125
GFFALIPKIISSPLFKTL,0,
WFHHIFRGIVHVGKTIHRLVTG,1,0.602059991
AALRGCWTKSIPPKPCPGKR,0,
LALKSGGWLRLFGLKDKKH,1,0.954242509
KRFWPLVPVAINTVAAGINLYKAIRRK,0,
RNSVRNRVMLWRTKR,0,
HSDAVFTDNYTRLRKQMAVKKYLNSILN,1,0.090759579
NLRRIIRKIIHIIKKY,1,0.080376483
HTGRSGPATGHSGHSSTHGS,0,
IAPWKWPWWPWRR,0,
LKKLLKWLKKL,1,0.753601541
GKWMHLLKHILK,1,1.67070737
SAVWRHWRRFWLRKHRKH,1,0.495544338
KWKLFKGIRAVLKVL,0,
FLPLIGKILGTIL,0,
CSGIIKQTCTCYRK,0,
KLWLLWLKWLL,1,1.60549331
GLLDFAKHVIGIASKL,0,
NFLGTLVNLAKKIL,0,
IKQLLHFFQRFGGGFIKHFIHRF,1,1.638363972
ILGKLLSTAAKLLSNL,1,1.505149978
RRWPWWPWKWPLI,0,
TSRCIFYRRKKCS,1,1.176091259
RWRLLLLLKRH,0,
FAKKLAKLAKKLAKLAL,1,0.247613775
AKKVFKRLEKLFSKIQNDK,1,0.768436106
FVGAIAAALPHVISAIKNAL,0,
WHWTWLPRRRK,0,
FQWQRNIRKVR,0,
AKAGGIPPHVIPQIVPVRIRPLCGNV,0,
GKFLKKAKKFGK,1,2.569474343
RLYRRLYRRLYRRLYR,1,0.0
RLLRPLLQLLKQKLR,1,1.229057412
VNWKKILAKIIKVAK,1,1.352182518
EWFKARRWGWRMKKLQA,0,
KIGAIKKWGAIKKIGAIK,1,2.124162541
IKPAGKLFKLFK,1,2.566327247
FLKGIVGMLGKLL,1,1.079181246
DDALHHLLHHLLHHL,1,2.0
ILGAILPLVSGLLSNKL,1,2.408239965
LCYTRPRFTVCV,0,
ILGTIPGLLKGL,0,
GLFDVIKKLLKKIKGL,1,1.096910013
KILGKLWKGVKSIF,1,1.490252061
FLGKVFKLASKVFGAVFGKV,0,
GEKLKKIGKKIKNFFQKL,1,0.494154594
KKKKKKAAFLAWALFAA,1,0.903089987
KKKLLLLLLLLLKKK,1,1.698970004
GVIDAAKKVVNVLANLF,0,
GLNALKKVFQGIHKAIKKINNHVQ,1,0.401373328
GGKCKNGDCVCR,0,
KQWRIRVCVIRA,1,1.622090216
SMLGVLKNLGKVGLGFVACKINKQC,0,
KKVVFKVKFH,1,0.899772727
FFGWLIRGAIHAGKAIHGLIHRRRH,0,
RIGSILGRLAKGLPTLISWIKNR,1,0.795880017
SLLSLIRKLIT,1,0.204119983
VIPFVASVAAEMMQHIFCAASRKC,0,
LLGDFFRKVKEKIGKEFKRIVQR,0,
FHFHLHFGGGFIKHFIHRF,1,1.418985795
TWLPAVIKIQAHWRGYRQRKIYL,0,
GLPVCGETCAGGTCNTPGCSCSWPICTRN,0,
LVKRFKKFFRKLKKSV,1,1.192846416
GFLSILKKVLGKVMAHMK,1,1.158362492
KAKLFKKIPKFLHLWKKF,1,0.0
NWRKILGQIASVGAGLLGSLLAGYE,0,
GLVTGLLKTAGKLLGDLFGSLSG,1,1.698970004
EWKLPDLIINHITLTRRNCNKYRCG,0,
LLGMIKVAITAISALSKL,1,2.443901688
FHFHLHFSATFIKHFIHRF,1,1.704240402
RGGRLCYCRRRFCVCI,0,
FAKWAFKWAKK,1,2.151593605
FLSLIPAAISAVSALANHF,0,
GILKTIKSIASKLKRKAK,1,1.399740174
KWKSFLKTFKSPARTVLYTALKPISS,1,0.827550325
GLFDIVKKVVGTLAGL,0,
LKAKSIVSWAKKVL,0,
GLGSVLGKALKIGANLL,1,1.397940009
TKKTKLTEEEKNRL,0,
FLWGLIPGAISAVTSLIKK,1,1.695843012
FLWALFKVASK,1,2.183892424
FLGGLIKIVPAMICAVRKKC,1,2.06332602
GLADYWRTAFRANFANLGPGIRCKSARC,1,0.77815125
GLFSVLGSVAKHLLPHVVPVIAEKL,1,1.581007984
GLLSGILGAGKRIVCGLSGLC,1,0.85222237
KLPLIGRVLSGIL,0,
KNKRKRRRRRRGGRRRR,1,2.02709765
RLARIVVIRVAR,1,1.510931461
GLFDIIKNIFSGL,0,
ILGPVISTIGNVLGGLLKNL,0,
KWKLFKKAVLKVLTT,1,0.602059991
FLPLILPSIVTALSSFLKQG,0,
GMWSKIPGHLIR,1,2.0
FLGALAKIISGIF,0,
GIWDTIKSMGKVFAGAILQNL,0,
WGRAFSRGVRRLARGGRG,0,
NTVKETIKYLKSLFSHAFEVVKT,1,2.0
FLPLIGKVLSGIL,1,1.806179974
SVDGKEDLIWKLLSKAQEKFGKNKSR,0,
GECIWDAIFHGAKHFLHRLVNP,1,0.882082004
FKCRRWQWRMKKLAA,0,
GVVVRWGRVWVRGVRR,0,
VDKPPYLPRPTPPRRIYNNR,0,
FLKVVFKKASKVFPAVFGKV,0,
VDKGSYLPRPTPPRPIYNRN,1,1.116362833
KWCFRVCYRGICYRRCR,1,0.11464654
RFRRLRIKTRIRLKKI,0,
KRRGSVTTRYQFLMIHLLRPKKLFA,1,1.242441993
GLMSSIGKALGGLIVDVLKPKTPAS,0,
LVQRGRFGRFLRKIR,0,
GALKRIKTLL,0,
GIGALSAKGALKGLAKGLAEHFAN,0,
FFGKVLKLIRKIF,1,2.0
NLWAGILKHIIK,1,2.0
KWKLFKKIPLKKF,1,1.096910013
GWASKIGQALGKVAKVGLQQFIQPK,0,
FAKLLAKALKKLL,1,0.825668814
FHPSLWVLIPQYIQLIRKILKSG,0,
GLGSLLGKAFKFGLKTVGKMMGGAPREE,0,
RAGLQFPVGRVHRLL,0,
AKKVFKRLEKLFSKIWNWK,1,0.149753393
GIGKFLKKAKKF,1,0.467016403
KLFAVIKKVAAVIGGL,0,
GTAWRWHYRARS,1,2.118492514
GLPALSSWIKRKRQQ,0,
FFVLKFLLKWAGKVGLEHLACKFKNWC,0,
FLSLIPHAINAVSTLVHHF,1,1.342063463
PKVTITIQGSARF,0,
GINTLKKVIQGLHEVIKLVSNHE,0,
IGKLFKRIVKRILKFLRKL,1,0.903089987
LVKLVAGIKKFLKWK,1,0.654802253
VLPKVMAHMK,1,2.0
KKWKIVVIRWRR,1,0.07881148
LKLKAIAALAKKKW,1,1.305935621
FFLLSLIPSAISAIKKI,1,0.698970004
KNLRRIIRKIIHIIKKYGPTILRIIRIIG,1,0.078014117
FAPLIGRVLSGIL,0,
VRRFPFFFPFLRR,0,
KIAGKIASIAGKIAKIAGSIAKIAGK,1,1.712923387
ILGTILPLLKGL,0,
GFGMALKLLKKVL,1,1.544068044
FLPIPRPILLGLL,0,
KLKLLLLKLK,0,
FFPIIAGMAAKVICAITKKC,0,
KKKKPLFGLFFGLF,1,1.379320038
KLKKKLKKLLKK,1,2.524031415
GCRRLCWKQRCVTYCRGR,0,
APDRPRKFCGILG,0,
RLVRILVSKRPVAIKPYFRL,1,0.903089987
KKKLFWKIPKFLHLAKKF,1,0.301029996
GLNALKKVFQPIHEAIKLINNHVQ,1,1.204119983
RKKRWWRRKK,1,1.698970004
FLPLVGKILSGLI,0,
LPRRNRWSKIWKKVVTVFS,1,1.215090802
FPVTWRWWTWWKG,0,
KWKKFIKSLTKSAAKTVVKTAKKPLIV,1,-0.031726744
PMLRVRLASHLRKLRKRLLR,1,1.548455007
INWKKLLDAAKQIL,1,1.397065845
VDKPPYLPRPRPPRRIYNRN,0,
VVKCSYRLGSPDSQCN,1,0.84509804
TLLKKVLKAAAKAALNAVLVGANA,1,0.726051198
ILGAIIPLVSGLLSHL,0,
GLFDIIKKVASVIGGL,0,
FLGKLFKVASK,1,2.208473382
HTCHFRRRPKVRKFKLYHEGKFWCPG,1,1.397940009
FMPILSCSRFKRC,0,
VQLRIRVAVIRA,1,1.785307206
RIKRFWPVVIRTVVAGYNLY,0,
LLGMIPVAIKAISALSKL,1,2.444842966
KWKFKKIGIGAVLKVLTTGLPALKLTLK,1,-0.042015144
IFGAIAGLLKNIF,0,
GIIKVIKSLIEQFTGK,0,
LKWGAILKHIIK,1,1.67070737
TIAMRAINNYRWRSKNQNTFLR,0,
GCRRWKKFRWRYRGKFWFWCG,1,1.643252125
GALRGCWTKSYPPKPCK,0,
FLGALWKVASK,1,2.214857379
ILPWKWPLWPWRR,0,
AGRGKQGGKVRAKAKTRSS,0,
NLLNDALGTVNGLLGRS,0,
GIGAAILSAGKSALKGLAKGLAEHF,1,0.959015168
FLPLLLAGLPLKLCFLFKKC,1,1.642453944
WCRRLCYKQRCVTYCRGR,0,
FACRRWQWRMKKLGA,0,
FFKKFWGGVKAIFKGARKGWK,1,0.207486674
FWGLKGLKGPGKFSKKL,0,
FLSLIPHAIKAVGVHAKHF,0,
WLNALLHHGLNCAKGVL,0,
RRIIIRWRRI,0,
FLPLIASLAANFVPKIFCKITKKC,0,
FFPIVGKLLFGLSGLL,1,0.382092911
RVKRVWPLVIRTVIA,0,
GEKLKKIGQKIKKFFQKL,1,0.795880017
WGIHRILKYGKPS,1,1.079181246
RWRLLLLKKH,0,
FKRIVQRIKDFLR,1,1.053604985
ILPWKWPKLPWRR,0,
KLKLVALHKQVL,1,1.254996764
GLFDIVKKVVGAVGSL,1,1.902567248
ILPLKWPWWPWRR,0,
GLPTCGETCTLGTCYVPDCSCSWPICMKN,1,2.0
RWWKIWVIRWWR,1,1.224840515
GILSTVFKAGKGIVCGLSGLC,0,
INWLKLGKKILGAI,0,
IPCGESCVWIPCISGMFGCSCKDKVCYS,0,
FIHHIVHAIGRLF,0,
FLSGIVGMLGKLFGK,1,1.491361694
KWKLFKKLKVLTTGL,1,0.903089987
NGVQPKYRWWRWWRRWWWW,1,1.493760865
RRFPWWWPFRR,1,0.976242067
GDACGETCFTGICFTAGCSCNPWPTCTRN,0,
KKRYKKKYKAYKPYKKKKKF,1,2.0
ILPFVAGVAAEMMEHVYCAASKKC,1,1.176091259
SAVWRRWRRFWLRKRRKR,1,0.795880017
KKWWWKWKKW,0,
IKWKAILDAVKKVI,1,2.072434501
ILPWKWPLLPWRR,0,
FLKALFKVALKVL,1,2.127864714
GILDAIKAIAKAAG,1,1.689307951
RLRKAVRLIK,1,0.397940009
RWKLLLLLRL,0,
SLSRYAKLANRLA,0,
RMKLNAKKLSFC,0,
IKIPPIVKDTLKKVAKGVLSTIAGALST,0,
GLNALKKVFQGIHEAFKLINNHVQ,0,
GLLSGILGAGKKIVCGLSGLC,1,0.557357421
GKWMSLLKHWLK,1,1.397940009
KKAAHVGKHVGKAAL,1,1.469822016
FLALILRKIVTAL,0,
LPFFLLSLIPSAISAIKKI,1,0.397940009
AVNIPFKVHFR,0,
GIGGALLSAGKSALKGLAKGLAEHFAN,0,
GLNTLKKVFQGLHEAIKLINNHVQ,0,
SLLSLIRLLIT,1,0.204119983
ILPIRSLIKKLL,1,1.397940009
LKLASIVSWAKKVL,0,
KWKKLLKKLLKLPKKLLKKLKKLLK,1,0.602059991
RWCVYAYSRVRGVLVRYRRCW,1,0.193124598
FGVLAKVAAHVVPAIAEHF,1,1.806179974
GFWGKLLEGVKKAI,0,
FVKKFWGGVKAIFKGARKGLK,1,0.340620618
GIIKKIIKKI,0,
GFLSILKKVLAKVMAHMK,1,1.26245109
GLIKIVPAMICAVTKKC,1,2.155791672
GIWDTLKNVGKAVLGKVLENV,0,
GINTLKKVIQGLHEVIKLVSNHA,0,
ISKRILTGKK,1,2.350032966
KWKLFKKIGIGKFL,1,0.494154594
CVDIGFSPTGKRPPFCPYPG,0,
GLLNGLALRLGKRALKKIIKRLCR,0,
KKVVFKVKFK,1,0.601845538
VRLRIRVAVRRA,1,0.90996373
KRFKKFFKKVKKSV,1,1.852355602
DLKGTFAALSELHCDKLHVDPENFKL,0,
RAYCRRRFCVAR,0,
ILPWKWPWAPWRR,0,
FLPVLGKVIKLVGGLL,0,
KKLALAPKKLALLWKKLALALKKA,1,0.648360011
WQRRMRKLGAPSIT,0,
INWLKLGKKLLSAL,0,
ALFKTMLKKLGTMAL,1,1.662757832
RPAWLKAAFRVMRACV,1,0.630016061
GVFLDALKKFAKGGMNAVLNPK,0,
AQWFAIQHISLNPPRSTIAMRAINNYRWR,0,
GRKKRRQRRRPPQ,1,0.602059991
GLKDKFKSMGEKLKQYIQTWKAKF,1,1.544068044
GIFLDKLKNFAKGVAQSLLNKASCKLSGQC,0,
RWCVYAYVRVRGVLVRYRRCG,1,1.397940009
KKKIIIIIIKKK,0,
WLLKRWKKLL,1,0.903089987
SLSRYAKLANRLANPKLLETFLSKWIG,0,
KFVRLKIYCRDKNKGRGISF,1,1.496028017
GMASKAGSVLGKVAKVALKAAL,1,1.247425011
KNWKAILKHIIK,1,1.812913357
FLGALFKVWSK,1,2.188569079
KSDVRRWRSRY,1,2.0
WKVFKSFIKKASSFAQSVLD,1,1.451950986
GILGNIVGMGKQVVCGLSGLC,1,0.477121255
FLPLIAGVAANFLPKIFCLISKKC,0,
GFKRIVQRIADFLRNLV,0,
RLKLLLLLRW,0,
GMKCKFCCNCCNLNGCGVCCRF,0,
ALWMTLLKKVLKAAAK,0,
AIRCLAQRRK,1,0.875061263
GILSSLWKKLKKIIAK,1,0.834379271
GVGKFLHSAKKFGQALVSEIMKS,0,
FMKVLAVFGSVVTSAPKASK,0,
KALKKLLAKWLAAAKALL,1,1.086359831
KRLFKKLLFSLRKY,0,
FSTKTRNWFSEHFKKVKEKLKDTFA,1,1.906084061
WWRRRRRRRR,1,1.591357126
GLFAVIKKVASVIKKL,0,
RVKRFKKFFRKIKKGFRKIFKKTKIFIG,1,-0.07609305
AIHKLAHKLLKKLLKAVKKLAK,1,0.653212514
FAVTWATKWWKG,0,
VLPLISMALGKLL,0,
LFGVLAKVAAHVVPAIAEHF,1,1.806179974
ILPWKWPWWPWRA,0,
NCIQQCVSKGAQGGYCTNEKCTCY,0,
KGIRGYKGGYKGAFKQTKY,0,
FLGVVFKLAVKVFPAVFGKV,0,
GIRCPKSWKCKAFKQRVLKRLLAMLRQHAF,0,
FFHHIFRGVVHVGKTIHRLVTG,1,1.079181246
QSHISLCRWCCNCCKANKGCGFCCKF,0,
QLQGKQVSGEVVQKVLQELIQSVAKP,1,0.794057192
GLLSGVLGVGKKVLCGLSGLC,0,
GLKALKKVFKGIHKAIKLINKHVK,0,
MLLKKLLKKM,1,2.603547162
WFKKLLKKALRLWKKVL,1,1.012444255
RKRKLILILIKRKR,0,
KISKKIMRTFLRRISKDILTGKK,1,0.160927101
FFPIVGKLLFGLL,1,0.655812961
AVAGEKLWLLPHLLKMLLTPTP,1,2.214311877
IKKILSKIKKWWK,1,1.0
GKQYFPKVGGRLSGKAPLAAKTHRRLKP,0,
KWKLFKKISKFLHLAKKF,1,0.789970428
HRHRHRHRHR,0,
VWRHWRRFWHR,1,0.495544338
KWKLFKKIPHLAKKF,1,1.096910013
DAACAAHCLFR,1,1.929092014
ALWRRLLRRLLRSARRLG,1,0.875061263
VIPFVASVAAEMMQHVYCAASKKC,1,0.0
KWKKLLKKLLKLLKKLLKKLK,1,1.204119983
RRPWRWPWWPWRR,1,1.189210888
FLPVLTGLTPSIVPKLVCLLTKKC,0,
GLFGVLAKVAAHVVPAIAEHF,0,
ARNFGKEFTPV,0,
IKLSPKTKDNLKKVLKGAIKGAIAVAKMV,1,1.096910013
VKRWKKWWRKLKKSV,0,
ALWKNMLKGIGKLAG,0,
SALVGCGTKSYPPKPCFGR,0,
FLGALVKALSKLL,0,
IISTIGKLVKWIIKTV,0,
AIPCGESCVWIPCISTVIGCSCSNKVCYR,0,
GVVDILKGAAKDIAGHLASKVMNAL,1,2.0
FLPIIAKVLSGLL,0,
GTRCGETCFVLPCWSAKFGCYCQKGFCYRN,0,
FKCWRWQWRWKKLGA,0,
NIWKKIASIAKEVLKAL,0,
FLPVLAGVLSRA,0,
IPCGESCVWIPCITAIAGCSCKNKVCYT,0,
FLSHIAGFLSNLF,1,2.301029996
VIVKAIATLASKLL,0,
FLFGLASKVFPAVYCKVTRK,0,
RRRLLLLLRRR,0,
VNWKKILGKI,1,1.875061263
KWKLFKKIGAVLKKL,1,0.301029996
GRFKRFRKKFKKLFKKASPVIPLLHL,0,
KILRGVSKKIMRRISKDILTGKK,1,0.777718155
GIHDILAYGKPS,1,1.176091259
GIGKFIHSAKRFGRAWVGEIMNS,1,1.875061263
RLWRIVVIRVAR,1,0.710617381
GLASTIGSLLGKFAKGGAQAFLQPK,0,
IKLSKETKKNLKKVLKGAIKGAIAVAKMV,1,1.096910013
PSLLYKAKAVFCKPSAVAVF,0,
GAIKDALKGAAKTVAVELLKKAQCKLEKTC,0,
FLGVVFKLASKVVPAVFGKV,0,
RPWAGNGSVHRYTVLSPRLKTQ,1,-0.13667714
GIFLKVLGVGKKVLCGVSGLC,1,0.84509804
VRRFGWWWGFLRR,1,1.545601426
VPIIYCNRRTGKCQRM,0,
GLLGPLLKIAAKVGSNLL,0,
TESYFVFSVGM,1,2.087818851
RPKPRPRPRPE,0,
GLPCGESCVFIPCITTVVGCSCKNKVCYNN,1,2.204119983
KIAKVALKAL,0,
VKRWKKWRWKWKKWV,0,
GVFDIIKDAGRQLVAHAMGKIAEKV,1,1.906937647
ILGPVISTIGGVLGGLLKNL,0,
KWKSFIKKLTKAAKKVVTTAKKPLIV,1,-0.081586343
FLPIIAGVAAKVLPKLFCAITKKC,1,1.301029996
GLLSVLGSVAKHVLPHVVPVIAEKL,0,
SLWETIKNAGKGFIQNILDKIR,0,
GLNAFKKVFQGIHEAIKLINNHVQ,0,
GAPKGCWTKSYPPQPCFGKK,0,
RKKKIKIIKKII,0,
FLPAVLRVAAKVGPAVFCAITQKC,1,0.875752756
KWKSFIKKLTSKFLHLAKKF,1,0.702623185
GILSGILGVGKKLVCGLSGLC,1,0.84509804
GKWWSLLKHILK,1,1.698970004
GRGKQGGKVRAKAKTRSS,0,
GEKLKKIGQKIKNFFKKL,1,0.494154594
ISSPLFKTLLSAVGSALSSSGGQE,1,2.0
GLNALKKVFQPIHKAIKKINNHVQ,1,1.103776651
RRRIIIIIRRR,0,
FIITGLVRGLTKLF,0,
INWLKLGKMVIDAL,1,1.303536194
KKTWWKTWWTKWSQPKKKRKV,1,0.602059991
ILGKIWKGIKSLF,1,0.301029996
GWKDWAKKAGGWLKKKGPGMAKAALKAAMQ,0,
LLGDFFRKAKEKIGKEFKRIVQR,0,
WFWKWWRRRRR,1,0.662757832
KIGAKIKWGAKIKIGAKI,1,0.619012563
GLFAVIKKVASVIGG,1,2.545278225
IFKAIWSGIKSLF,0,
GLFDVIKKVASVIGGA,0,
FLGMLLHGVGHAIHGLIHGKQNVE,0,
KKVVPKVKFK,1,1.920616565
GRRPRPRPRPFFFF,1,1.903089987
AKRLKKLAKKIWKWL,1,1.505149978
NNRPVYIPQPRPPHPRI,0,
RIRFPWPWRWPWWPRFRG,1,1.548455007
FLKGIVGKLGKLF,1,1.079181246
GIIPIISIIGKII,1,1.477121255
QCRRLCYKQRCVTYCRGR,1,-0.397940009
PRPLPFPRPG,0,
AVLSALPKEEQIGKASTRGRKAARRKK,1,2.007233525
IGKLPKWIIKTVNKFTKK,0,
KEKLKLKCKAPKCYNDKLACT,0,
GLLSVLGSVAQHVLPHVVPVIAEHL,0,
DDALRRLLRRLLRRL,1,1.698970004
GILDAIKAFANALG,1,0.602503672
ALYKTMLKKLGTMAL,1,1.653212514
GLLDTLKGAAKNVVGSLASKVMEKL,1,2.0
KKKVVFKVKFKKK,0,
AIHNLAHKLLKKLTRAVKKLAN,1,0.477121255
FLGGLIKIVPAMICAVTKKCHHHHHH,1,1.640557163
GANLAKKFYTYINKFINYAW,1,1.722358773
GFLGSLLKTGLKVGSNLL,1,1.698970004
RKCNFLCKLKEKLRTVITSHIDKVLRPQG,1,0.682151454
GRFKRFRKKFKKLFKKLSPVIPLLHLG,1,0.017155179
GLFDIWAWWRWRR,1,2.131210406
FLPGLLAGLL,0,
FFPIVGKLLSGLF,0,
RIGSILGRLAKGLPTLRSWIKNR,1,1.096910013
WLNALLHHGLNC,0,
AKCLRWQWRMRKVGG,0,
GAVDILKGAAKDIAGHLASKVMNKL,1,2.0
ILPKKWPKLPWRR,0,
GKYGFYTHVFRLKKWMQKVIDRFGG,0,
THIHMNARLLIRSPFTDPQL,0,
ALGKLASKVFPAVYCTISRK,0,
FLPVLVKVFRYSKKTAAGCF,0,
GLLKRIKILL,0,
FLPLIAGLAANFLPKIFCAITKKC,0,
VWRRWRRFWRR,1,0.495544338
GLLKRIKKLL,1,1.45331834
RLARIVPIRVAR,1,2.361422567
KKVADKVLLLKQLRIMRL,1,1.505149978
KRKILILILIL,0,
KKTWWKTWWTKW,1,0.903089987
KIKIPWGKVKDFLVGGMKAV,0,
GLVTGLLKTAGKLLGDLFGSLTG,0,
KWKSFIKKLASKFLHSAKKF,1,0.712565113
FLPLIGRVLAGIL,0,
KKLAKALKLLAPLWLKLAKALKKA,1,-0.065501549
GLFAVIKKVASVI,1,1.677559769
CRRLCYKQRCVTYC,0,
KKYRYHLKPFSKK,0,
GLNALKKVFQGIHEAIKLFNNHVQ,0,
FIGPIISALASLFG,0,
GIADILKYGKPS,1,1.176091259
FPFLKLSLKIPKSAIKSAIKRL,0,
FLGGLIKWWPWRR,1,1.260572451
KILRGVSKRILTGKK,1,1.877497137
RRPWRWPRWPWRR,1,1.195710122
KRIVKRIKKWLR,1,0.903089987
AKCLRWQWEMRKYGG,0,
KWKKLLKKPLLKK,1,1.096910013
GKPRPYSPRPTPHPRL,0,
LFGFLIKLIPSLFGALSNIGRNRNQ,0,
FLFRVASKVFPALIGKFKKK,0,
GLFTLIKGAYKLDAPTVACN,1,1.113943352
FLPIIGQLLSGLL,0,
HIQKEDVPSERYLGYLEQLLRLK,0,
KWNSFIKKLTSKFLHSAKKF,1,0.709714452
KTVPVVLKASIKVSSAGFGF,0,
GIGKFLHSAKKWGKAFVGEIMNS,1,1.203090484
IRRIIRKIIHIIKK,1,0.443617452
GFLSILKKVLKKVMAHMK,1,1.403120521
EPFKISIHLGGY,0,
IASAVPVCVKGKISKSYISV,0,
GPIRRPEPRPRPE,0,
RRPRPRPRPFFF,1,2.204119983
GFVDFLKKVAGTIANVVT,0,
LQKYYCRVRGGRCAVLS,1,2.006047971
GFMKYIKPLIPHAVKAIKKLI,0,
GLLGPLLKIAAKVGSKLL,0,
KKKVVVVVKKK,0,
ALWKNMLKGIGKLAGK,0,
AGYLLPKINLKPLAKLPKKIL,1,1.739487737
FFPIVAGVAGQVLKKIYCTISKKC,0,
FLPVILPVIGKLLSGIL,0,
FLGALWNVAKSVF,1,0.778418921
FKVVISKPGLSVRVGTALVT,0,
FINKAGKLQSQLRTTVVAAAAFLDAFQKVA,0,
GKAMSLLKHILK,1,2.0
VVKFSYRKGSPAPQKN,0,
FLGSVFKSASKVFPAVFGKV,0,
ACYCRIPACIAGERRYGTCIYQGRLWAFCC,0,
KWKLFKKIGKVLKKL,1,0.0
GIGKFLHSAKKFGKAFVGEIMNS,1,1.565087224
FLPFLATLLSKVL,0,
AKRLKKLFKKIWNWK,1,0.0
KFFKKLKKAVKKGFKKFAKV,1,0.716868867
KWKLFKKIEKVGQGIGAVLKVLTTGL,1,0.103956757
KKLGAPSITCVRRAFA,0,
QLPFVAGVACEMCQCVYCAASKKC,1,0.301029996
FKKALHLFKPIKKFLKWK,1,0.193124598
FLGALFKFASK,1,2.211661587
ILPKKKPWWPWRR,0,
KWKSFKKKLTSKFLHSAKKF,1,0.704566054
GLLKWIKTLL,1,1.45331834
GAFGNFLKGVAKKAGLKILSIAQCKLSGTC,1,0.708824709
EIEKFDKSKLK,1,3.961909038
LNWGAWLKHWWK,1,2.0
ALGALFKVASKVL,1,2.181565985
GFFALIAKIISSPLFKTL,0,
FLPIIAGIAAKFLPKIFCTISKKC,0,
GIWSSLLKKLKKIIAK,1,1.060779922
SVPSVGAVLFFKRAAVMKLI,0,
FISAIASMLGKFL,0,
FLSTIWNGIKSLF,0,
RAGLQFPVGRVHRLLR,0,
WWKRWKRIRRIFMMV,0,
FIKHFIHRFGGGRWRWRWF,1,1.38257975
HRHQGPIFDTRPSPFNPNQPRPGPIY,0,
HLRRINKLLTRIGLYRHAFG,1,1.660524874
RWCVYAYVRVRGVRVRYRRCW,1,0.795880017
GLFDIIKKIAESFKFSEAIKKIIDFLG,0,
VPYPQRDMPIQAFL,0,
IQCGESCVWIPCISSAWGCSCKNKICSS,0,
KKWRKLLKKLKKLL,1,0.040146854
INMKASAAVAKKLL,1,1.915476299
LLPIVGNLLKSLLGWKRKAFG,1,2.301029996
RWRRLLKKLHHLLHSATFIKHFIHRF,1,0.9746858
FLSLIPSLVGGSISAFK,0,
FLGKVFKKVSKVFPAVFGKV,0,
GEILCNLCTGLINTLENLLTTKRKRQQ,0,
FLPLAMALGKLL,0,
FLGLIFHGLVHAGKLIHGLIHRNRG,0,
KWKSFIKKLTSKFLHSANKF,1,0.408684457
KWWKWWKKWWKK,1,0.968256871
LRKLLLLLRL,0,
GLLGTLGNLLNGLGL,0,
FKVQNQHGQVVKIFHH,1,2.790285164
GIGKFLHSAKKPGKAFVGEIMNS,1,1.723962321
FLPILGKLLSGFL,0,
FLPVIASVAAKVLPKVFCFITKKC,0,
KDLHTVVSAILQAL,0,
SALGRVASKVFPAVYCSITK,0,
KKWRWWLKALAKKLL,1,-0.254540031
SIITMTKEAKLPQLGKQIACRLYNTC,0,
QRFSQPTFKLPQGRLTLSRKF,0,
PRCRRRFCRP,1,2.10720997
KIWFQNKKMKWKK,0,
SVKVAKSVIPSAVFAGGKVF,0,
LSFVGRVASKVVPSLISMIK,0,
FLGKVFKKASKVFPAVVGKV,0,
GRIKRIRKKIKKLIKKLS,1,0.602059991
KLLNLLPGLLAGIF,1,1.698970004
GILGNIVGMGKKVVCGLSGLC,1,0.84509804
PPIVGSIPLGCG,0,
GRPNPVPNPRPPHPRL,0,
FLPLLAGLAANFLPKIFCKITKKC,0,
ALYKRLFKKLKKF,0,
FLPVLAGLTPSIVPKLVCLLTKKC,0,
KLKKLLKKLLKK,1,2.227382194
KLALKAALKAWKAAAKLA,1,1.653212514
FWGALFKVASK,1,2.202908983
KWKSFIKKKTSKFLHSAKKF,1,1.306626046
KRKLILIKRK,0,
FLPGLECVSGKIVPTVFCAITRIC,1,0.89158034
RLRRIVVIRVRR,1,0.700422139
SRWPSPGRPRPFPG,1,2.0
KRIVQRIKKWLR,1,0.903089987
RRIRPRPPRLPRP,0,
EQHSSGKSDV,1,2.0
PVVGRVASKVFPAVIGLVKK,0,
FLSLIPHIVSGVAALAKHLG,0,
VKTKCSVPAVVYILVKTFKS,0,
VRLWIRVAVIRA,1,1.850415116
KVVFKVKFKKK,0,
FLPFIAGMAAKFLPKIFCAISKK,0,
STNCFCYPCCSCSS,0,
GGLRSLGRKILRAWKKYG,1,0.0
SALVGCWTKSWPPKPCFGR,0,
FKIPPIVKDTLKKFFKGGIAGVMGQ,1,0.698970004
FFGSVLKLIPKIL,1,2.0
INLKAIAALAKKLL,1,1.007950239
GSKKPVPIIYCNRRGKCQRM,1,0.446047302
GKPRPYTPRPTSHPRPIRV,0,
IDWLKLGKMVMDVL,1,2.484970536
KWKLFKKIPKFLHSAKKF,1,0.485985639
FLGVVFKGASKVFPAVFGKV,0,
GVSVAGAKKVKVLFVFPFLF,0,
RKCLRWQWRMRKVGG,0,
INWLKLGKKMMSAI,0,
LLSLALAALPKLFCLIFKKC,0,
SRSEKAGLQFPVGRIGRMLKK,1,0.698970004
IKKVASVIGGL,1,2.975129472
KWKLFKKIPFLHLAKKF,1,0.795880017
SGKRWWRRKK,1,2.0
FDWDSVLKGVEGFVRGYF,1,1.045747582
ALWKTIIKGAGKMIGSLAKNLLGSQAQPES,1,2.0
LLKKLLKKLLKKC,1,1.008458953
FLGALWNVAKKVF,1,-0.408935393
CRFCCRCCPRMRGCGLCCRF,0,
RSARAGLQFPVGRIHRHLK,0,
GIHRILKYGKPS,1,1.0
FLSTLWNAAKSIF,1,1.03762875
KLLKQWPIGKLLKKLLKKLLK,0,
GLFAVIKKVASVIKGL,0,
LLGMIPVAITAISALSKL,1,2.451285208
GLFKVIKKVAKVIKKL,0,
RWCVYAYVRVRGVLVRYRRCW,1,0.353096439
KLPKLPWKPKK,0,
FFPLIAGLAARFLPKIFCSITKRC,1,0.491235963
AFFARLLASVRAAVKAFAKKPRLIGLSTLL,1,1.064835979
MLTAEEKAAVTAFWGKVKVDEVGGEALGRL,0,
GWKSVFRKAKKVGKTVGGLALDHYLG,1,0.425675124
KWFKKIPKFLHLAKKF,1,0.193124598
SAVGSVASKVVPSLISKVTK,0,
SAVGRHLRRFGLRKHRKH,1,2.0
FLSMIPHIAGGIASLVKNL,0,
RVVRPVVQVVKQKVR,1,1.553276577
GIGSMLLGLAKNVGMSLLNKAQCKISGKC,1,1.489659844
KKPWWKPWWPKWKK,1,0.602059991
GLLKRIKFLL,0,
FLGKVFKLASKVFPAVFGKV,0,
RVCYAIPLPICY,0,
WRHWRRFWHR,1,0.495544338
GEFRRIVQRIRDFLRNLV,0,
ILPIIGKILSTIFGK,1,1.096910013
AANIPFKVHFRCKAAFC,0,
FLPLLASLFSGLF,0,
WWWWRRRRRRRR,1,1.502478506
AAKCLVQRRR,1,0.875061263
WKKWWKWWKKWWKK,1,0.301029996
KRWRIRVRVIRK,1,0.278228287
FVQWFSKFLGKIL,1,1.530726239
GLFDIVKKIAGHIASSI,0,
GIGTKILGGVKTALKGALKELASTYAN,0,
GLFDIWKKLRWRR,1,1.246560832
STLHLVLRLAGG,0,
GSVIGCGETCLRGRCYTPGCTCDHGICKKN,0,
FFPLVLGALGSILPKIF,0,
VVAKKFFVLVKGLAPVLSPS,0,
FLFKLIPKAIKKLISKFK,1,0.698970004
KFFKRLLKSVRRAVKKFRKKPRLIGLSTLL,1,1.056856975
GLKALKKVFKGIHKAIKLINKHVQ,1,0.698970004
KKLGEPSCNKLK,1,1.570369469
STLHAVLRLRGG,0,
LNWGAILKHIKK,1,1.969182297
WMQKVIDRFGG,0,
FLWWLFKWAWK,1,2.093950576
AAYLLAKINLKALAALAKKIL,1,1.311118192
ILPLKLPLLPLRR,0,
ILAWKWPWWPWRR,1,1.698970004
INWKKIAEVGGKILSSL,0,
INLKILARLAKKIL,0,
GVLSAFKNALPGIMKIIV,0,
AVVKVPLKKFKSIRE,0,
SFLNFFKGAAKNLLAAGLDKLKCKISGTQC,0,
IAQQAANVAATARG,0,
RKCLRWQWEMRKVGG,0,
LIAGLAANFLPQILCKIARKC,0,
FLPIVAKLLSGLLGRKKRRQRRR,1,0.301029996
RIIDLLARVRRPQKPKFVTVWVR,1,0.193124598
KKAAAIAAAAAIAAWAAIAAAKKKK,0,
VQWRIRVCVIRA,1,1.329394559
SALHLVLRLRGG,0,
GKWMSALKHILK,1,2.0
LRPHPPRPQPIYVPRNNG,0,
GKKYRRFRWKFKGKWFWFG,1,0.787631605
GAWKNFWSSLRKGFYDGEAGRAIRR,0,
ILPWKWAWWAWRR,1,2.0
AKKVFKRLEKLFS,0,
YQWQRRMRLGAPSIT,0,
GNNRPVYIAQPRPPHPAL,0,
GALFSLASKVVPAVIGLIKK,0,
ILPWKWAWWPWRR,1,1.698970004
GIWDTIKSMGKVFAGKILQNL,0,
GIMNTVKDVATGVATHLLNMVKCKITGC,0,
KKPKKPWKPKK,0,
ISQSDAILSAIWSGIKSLF,0,
FLSGILKLAFKIPSVLCAVLKNC,0,
KTKQQFLIKAQTQLFKVFGYTL,1,-0.841637508
KQFRIRVRVIRK,1,0.583558284
GFLDVVKHIGKAALGAVTHLINQ,0,
VNWKKVLAKIIKVAK,1,1.42975228
RFRRLRKKWRKRLKKI,1,0.541853992
FALGAVTKRLPSLFCLITRKC,0,
FLPILASLAAKFGPKLFSLVTKKS,1,1.602059991
VDKPPYLPRPRPPRRIYNA,0,
VWLSALKFIGKHLAKHQLSKL,1,1.096910013
KWKSFIKKLTSKFLHSADKF,1,1.010569121
RHRHRHRHRH,0,
LRKLRKRLLLRKLRKRLL,1,0.828807695
VRRFAWWWAFLRR,0,
INWLKAKKVAGMIL,1,1.837514738
FVPWFSKFLPRIL,1,1.681241237
INWKKIFESVKNLV,0,
SMLKVLKNLGKVGLGFVACKINKQC,0,
AAHCLAKRKK,1,1.477121255
GIGSAILSAGKSALKGLAKGLAEHFAN,0,
KKWMQKVIDRFGG,0,
NRFTARFRRTPWRLCLQFRQ,1,1.292120499
SALVGCWTKSYPPKPCFGR,0,
KRFKKFFKKLKNSVKKRAKKFFKK,1,0.531061073
KKLFKKGLKFL,1,2.568717151
GIFGKILGVGKKVLCGLSGMC,0,
INLKAIAAFAKKLL,1,1.927110428
FPVTWPTKWWKG,0,
QPEWFKARRWQWRMKKLGA,0,
FWGALAKGALKLIVGSLFSSFSKKD,0,
RWRWRWFSATFIKHFIHRF,1,1.368051898
GIGKFLHKVGSFIKSWKGEIMNS,1,1.556302501
KIAGKIAKIAGKIA,1,2.267810775
FKCRRWQWRMKKLGAPSITCVRRAF,1,1.612250339
RRRRRRRWWWRRRRRRRR,1,1.72427587
GVVVRVGRVVVRWVRR,0,
FLGKVFKKASKVVPAVFGKV,0,
GLFDIAKKVIGVIGSL,0,
NLVSGLIEARKYLEQLHRKLKNRKV,0,
KRKIFLRTKILV,0,
GIFSKLAGKKLKNLLISG,1,0.978347486
INLKAIAALVKKLL,1,1.496566534
STLHLVLRARGG,0,
FLKPLFNAALKLLP,0,
YVLFKRKRFIFI,1,2.301029996
RLWRIVVIRVKR,1,0.851258349
INWSSIFEKVKNLV,0,
GAKYAKYIYNFYKYIAKYIW,1,1.396756169
LNWGAILKHKIK,1,2.0
FFHHIFRGIVHVAKTIHRLVTG,1,0.602059991
FILPLIASFLSKFL,0,
RRPRPRPRPFFFF,1,1.602059991
ALWKTMLKKLGT,0,
STLHLVLALRGG,0,
KRKILILILIKRK,0,
QVFTLIKGATQLIRKTLGEQ,1,0.698970004
FLPLLLAGLPKFLCLVFKKC,0,
ALWKTMLKKLGTM,0,
RRIRPRPPRLPRPRPRPLPYPRP,0,
GIPCGESCVFIPCITAAIGCSCKSKVCYRN,1,0.585863227
YSLQMGATAIKQVKKLFKKKGG,0,
KISKKIMRTFLRRILTGKK,1,0.537990027
FKAFRWAWRMKKLAAPS,1,1.786123654
RWRWRWFGGGFIKHFIHRF,1,1.38257975
GFWGKLWEGVKNAI,1,1.183057598
NWRKILGKIAKVAAGLLGSMLAGYQV,0,
KKLLKKLLKWL,1,0.452571546
YQWQRRMRKLGAPSIT,0,
GLLDAIKDTAQNLFANVLDKIKCKFTKC,0,
FWPVVIRTVVAGYNLYRAIKKK,0,
RWWRWWRRWW,1,1.417240846
IKKIWSKIKKLWK,1,0.698970004
GKPRPYSPRPTSHPRPIR,0,
GVVDILKGAAKDIAGHLASKVMAKL,1,2.0
ILGKIIKVVK,1,2.0
GGAGHVPEYFVGIGTPISFYG,0,
IKLSKKTKDNLKKVLKGAIKGAIAVAKMV,1,1.096910013
RAGLQFPVGRLLRRLLRRLLR,0,
RWCVYAYVRVAGVLVRYRRCW,1,0.954242509
FPFLLSLIPSAISAIKRL,0,
FLGVVFKKASKVFKAVFGKV,0,
NFAEIFAAVNKLIKQGVVKG,0,
IKKIWSKIKKLLK,1,0.98811284
GRRPRPRPRPWWWWW,1,1.301029996
IGGYCSWLRL,1,1.806179974
VNWKKILPKIIKVAK,1,2.0
KKPKLPWLPKK,0,
EWFKARRWQWRMKKLGA,0,
GNNRVYIPQPRPHPRL,0,
GLFGILGSVAKHVLPHVIPVVAEHL,0,
AAHCIVLHHN,1,1.176091259
ALWKTLLKKV,0,
PRPPRLPRPRPRPLPFPRPG,0,
PKLLKTFLSKWIG,1,1.292176134
GVADILKGAAKDIAGHLASKVMNKL,1,2.0
FLGKVVKGASKVFPAVFGKV,0,
GWKKWFNRAKKVGKTVGGLAVDHYLG,1,-0.464844558
FIHHIFRGIVHAGRSIGRFLTG,1,0.963570658
KKKKKKAAFALWAAFAA,1,1.204119983
GIKIAKKAITIAKKIAKIYW,1,0.850425935
GLPALISSIKRKRQQ,0,
FAEPLPSEEEGESYSKEPPEMEKRYGGFM,0,
GRRYKKFRWKFKGRWFWFG,1,0.933508497
LLKKLLKLLLKL,1,1.642196604
FLPGLIKAAVGIGSTIFCKISRKC,0,
FLGALAKALSKLL,0,
RIKRFWPVVIRTVVAGYNLYRAIKK,0,
GLFDVIAKVASVIGGL,0,
VRRFPAAAPFLRR,1,1.61393086
GLRKRLRKFRNKIKEKLKKI,1,-0.301029996
AIGSILGALAKGLPTLRSWIKNR,1,1.096910013
LLAIVGNLLKSLL,0,
GLLGPLLKIAAKVGKNLL,0,
RRRCPIVVIRVCRR,1,1.103669111
STLHLALRLRGG,0,
VFLGNIVSMGKKI,0,
SIKILKIYFIQGKRHWSF,1,1.526424683
ATNIPFKVHFRCKAAFC,0,
SIITGTKEAKLGQLGKQIACRLGNTC,0,
GIGKFLHSAKKFGKAFAGEIMNS,0,
MAGNSSNFIHKIKQIFTHR,0,
FLKALFKVASKVL,1,1.232444114
GVGDLIRKAVSVIKNIV,0,
KIAGKIAKIAGKIAKIAGKIAKIAGKIA,1,0.76550124
KRFRIRVRVIRK,1,0.578522118
GMASKAGAIAGKIAKVAWKALGGC,0,
IFGAIWNGIKSLF,1,2.005255982
GCWTKSIPPKPCF,0,
FAGAAFKALSKLL,0,
GILSSLWKKPKKIIAK,1,1.995613038
GSGILILIKRK,0,
FFGAIAAALPHVISAIKNAL,0,
RVVRPVVQGVKEKVR,1,1.563362181
VWRHWRRFWH,1,1.096910013
IGKEFKRIVQRIKDFLRNL,1,1.204119983
RFRRLRKKIRKRLKKI,1,2.408239965
GILSKLLKKLKKIIAK,1,0.79131572
FDVMGIIKKIAGAL,1,1.477121255
FLPLLFGALSTLLPKIF,0,
CLRKLRKRLLC,1,1.358453637
KRKLILKRILIKRK,0,
FLSLIPHIVSGVASLAIHF,1,2.301029996
KVANTVQKLKRKAKNAVA,1,1.698970004
FFHHIFRGAVHVGKTIHRLVTG,1,1.0
ALWKNMLKGIGKLAGKAALGAVKKLVGAES,0,
VRRVRKWVRRVLKLV,1,0.505149978
KRIRFFERIRDRLRDLGNRIKNRIRDFFS,1,1.227038923
GSVIKCGESCLLGKCYTPGCTCSRPICKKN,0,
LNWGAILKKIIK,1,1.634978176
INWKKIASIGKEVLK,0,
KGRGKQGGKVRAKAKTRSS,0,
RWFRIQLQIRRWRNRR,0,
QRFSQPTFKLPQGRLTLSRKFR,0,
FLSLALAALPKLFCLIFKKC,0,
RKLILKRKRILIKR,0,
FLPVIAGVAAKFLPKIFCAITKKC,0,
LVKRFKKFFRKLKKSVK,1,0.865510377
FLGKVFKGVSKVFPAVFGKV,0,
GFMNTAKNVAKNVAVTLLDNLKCKITGGC,1,0.602059991
VRLRIRVAVIRK,1,0.606166695
SKVLRHLRRFLHRAHRKL,1,2.0
GLFSVLGSVAKHVVPRVVPVIAEHL,0,
RWCVYAYVRVRGVLVRYRRCS,1,1.096910013
SGYLPGKEYVYKYKGKVF,1,1.850690697
AAHCIALRKGYK,1,1.477121255
RWCVYAYVRVRGVSVRYRRCW,1,1.397940009
INWKKIFEKVKNLV,1,1.698970004
TASQAEWFKARRWQWRMKKLGA,0,
GMLKRIKTLM,0,
LSPAVMASLA,0,
GSKKPVPIIYCNRRSAKCQRM,0,
GVVVRWGRVVVRGVRR,0,
VLSAADKGNVKAAWGKVGGHAAEYGAE,0,
RPRRRATTRRRITTGTRRRR,1,1.397940009
GCRRLCYKQRCVTYCRGR,1,0.0
RKCLRWQWAMRKYGG,0,
RIKRFWPVVIRTVVAGYNLYR,0,
GWGDTFLKTMAKIAKVGPKLLHS,1,0.735645856
FLKLLKKLAAKFLPTIICKISYKC,0,
ITIPPIVKDTLKKFIKGAISSVM,1,1.301029996
LLKWLKKWLKK,1,1.129617459
FLGKVFKLASKVFPAVFKKV,0,
GLFTLIKCAYQLIAPTVACN,0,
RRPRPRPRPFFFFF,1,1.301029996
LPVLFSSAIAKVGIKLGAKV,0,
ILGIITSLLKSL,0,
GLPLLISWIKRKRQQ,0,
FFRLLFHGVHHGGGYLNAA,1,1.527751762
GFGSFLGKALKAALKIGANVLGGAPEQ,0,
GFKRIVQRIKDFLRNLV,1,0.491361694
KWCRCVCRRGICYCRCRG,1,0.72427587
GIGKFLHSAKKFGKAWVGEIMNS,1,1.903089987
NLVSDIIGSKKHMEKLISIIKKCR,1,2.176091259
LRRLWLRANRL,1,2.10720997
KWKSFLKTFKSPVKTVFYTALKPISS,1,1.023332327
KVFKRLEKLFSKI,1,0.193124598
SIGAKILGGVKTFFKGALKELAFTYLQ,0,
FKVKFKVKVK,1,0.681026784
WHWTWLPKKKRKV,0,
FFWHHIGHALDAAKRVHGMLSG,1,1.698970004
GLFKKLRRKIKKGFKKIFKRL,1,0.891113949
GWLDVAKKIGKAAFNVAKNFI,1,0.903089987
FGPVIGLLSGILKSLL,0,
CKKLLKLCKKLLKLAG,0,
GLNALKKVFQGIHEAIKLINKHVQ,0,
GLFKVLGSVAKHLLPHVAPIIAEKL,1,1.576551153
GNNRPVYLPQPRPPHPRI,0,
GLFKVLGSVAKHLLPHVVPVIAEKL,0,
KWCFCVCYRGICYCRCRG,1,0.716003344
VIHKLAKLAKKLAKLAK,0,
SKCYQWQRRMRKLGA,0,
GIGKALKKAKKGIGAVLKVLTTGL,1,1.653212514
AKKVFKRLEKLFSKIWNDK,1,0.607696004
KKWWKAQKAVNSGPNALQTLAQ,1,1.432122825
RCRCRCRCRC,0,
PRPRPLPFPRPG,0,
AAAAAAAIKMLMDLVNERIMALNKKAKK,1,1.301029996
PVIGKLASKVVPSVFSMIKR,0,
KVKYFKRWLR,0,
ALWKTMLKKAAHVGKHVGKAALGAAARRRK,1,0.695468207
WGRAFRRLVRRLARGLRR,0,
FPVTWGWWKWWKG,0,
GIGKFLHSAGKFGKAFIGEIMKS,0,
SVIGKIASKVVPSVYCAISK,0,
KHVGKAALTHYL,1,0.959041392
FKHHIFRGIKHVGKTIHRLVTG,1,0.430042851
KKIASIGKEVLKAL,0,
FLPMLAGLAANFLPKIVCKITKKC,1,1.875061263
FPTTKTYFPH,0,
RLKLLLLLRL,0,
GKPRPYSPKPTSHPRPIRV,0,
FLPIVGKLLSGLSGLL,0,
ENAEEDIVLMENLFCSYIVGSADSFWT,0,
GLNALKKVFKGIHEAIKLINNHVQ,0,
KIAGKIAAIAGKIAKIAGKIAK,1,1.777874361
GILKSLLKKLKKIIAK,1,0.824180005
ACYCRIPACFAGERRYGTCFYLGRVWAFCC,0,
KWASLWNWFNITNWLWYIK,0,
SNWLKLGKKMMSAL,0,
KKLAKALKLPALLWLKLAKALKKA,1,0.071882007
GFKEVLKAGLGSLVKGIPAHVAN,0,
FLPMLAGLAASMVPKLVCLITKKC,0,
QLPICGETCVLGGCYTPNCRCQYPICVR,0,
THVFRLKKWMQKVIDRFGG,0,
QKKIRVRASA,1,1.743078576
VAIALKAAHYHTHKE,0,
GLLNVIKDTAQNLFAAALEKLKCKVTKCN,0,
GLFSVLGAVAKHVLPHVVPVIAEKL,0,
KWKLFKKIFKCWRWQWRWKKLGA,0,
VRRYPWWWPYLRR,0,
GLKEVAHSAKKFAKGFISGLTGS,1,2.505149978
GFMDTAKNVAKNVAVTLIDKLRCKVTGGC,1,1.51851394
ILPILSLIGGLL,1,2.096910013
QKKIRVALSA,1,1.15748667
GLWSKIKTAGKSVAKAAAKAAVKAVTNAV,0,
FLPILGKLLSGLL,0,
ILGKIWEGIESLF,0,
FFHHIFRGIVHVGKKIHRLVTG,1,0.84509804
ALKYRLFKKLKKF,0,
IGGIISFFKRLF,0,
GCRRLCYRQRCVTYCRGR,0,
RFRLPFRRPPIRIHPPPFYPPFRRFL,1,0.799340549
GNNRPVYIPQPRPPHPAL,0,
FWGALAKGALKLIGSLFSSFSKKD,1,1.288697689
LNWKAILKHIIK,1,1.150732037
ITIPPIIKDTLKKFFKGGIAGVMGKSQ,1,1.602059991
FLHHIVGLIHHGKLDMYRSNN,0,
HVINLEESFQEPEYENHLA,1,-0.698970004
KKAAAFAAAAAFAAWAAFAAAKKKK,1,0.903089987
KWKKFIKKIGIGAVLKVLTTGLPALKLTKK,1,-0.146931312
FVDLKKIANIINSIF,0,
ILSLRWRWKWWKK,1,1.505149978
WKRLVAASAKKK,1,1.159360873
KAYSMPRCKYLFRAVLCWL,1,1.184749515
KWKLFKKIGKVLKVL,1,0.0
FQWQRNMRKVRGPPVS,0,
GRRPRPRPRP,1,2.204119983
NLCASLRARHTIPQCKKFGRR,0,
GIHDILKYGKPA,1,1.698970004
ILGPILGLVSNALGGLL,0,
GKIIKLKASLKLL,1,0.749318829
ITIPPIVKDTLKKFFKGGIAGVMGQ,1,1.602059991
GVGKFLHSAKKFGQALASEIMKS,0,
FIHHIIGGLFSAGKAIHRLIRRRRR,1,0.834611937
FKRIVQRIKDFLRNLV,0,
RIGVLLARLPKLFSLFKLMGKKV,1,0.77815125
KKCKFFCKVKKKIKSIGFQIPIVSIPFK,1,0.305263203
GMWPKILGHLIR,1,2.0
CVVSSGWKWNYKIRCKLTGNC,0,
FLGWLFKWAWK,1,2.130245798
KLSPSLGPVSKGKLLAGQR,0,
GMASLLAKVLPKVVKLIK,1,1.67669361
GFRDVLKGAAKAFVKTVAGHIANI,0,
GIKDILKYGKPS,1,1.477121255
GLGSLLGKALKFGLKAAGKFMGGEPQQ,0,
FRRFFKWFRRFFKFF,1,1.184691431
KAACAAKCLWR,1,2.214488476
KWKSFIKKLTSVLKKVVTTAKPLISS,1,0.258306264
RSGGYCNGKRVCVCR,1,1.479400566
PKLLKFLSKWIG,0,
LLAGLAANFLPTIICKISYKC,0,
FLGALWNVWKSVF,1,-0.107905397
FKARLWQWRM,0,
GLLKPLLKIAAKVGSNLL,0,
FLGSIVGALASALPSLISKIRN,1,1.698970004
GLLKLIKTLL,0,
LPVVFRVASKVFPALISKLT,0,
GVVDILKGAAKDIAGALASKVMNKL,1,2.0
FLGKVFKKAVKVFPAVFGKV,0,
GIIKKIIKKIIKKIIKKI,0,
KSLVRRWRSRW,1,1.602059991
SAVGRHLRRFLLRKHRKH,1,2.0
FKTWKRPPFQTSCWGIIKE,1,1.350779744
ILGKIWKIKKLF,1,0.150514998
GGLRSLGRKILRAWKKYGPQATPATRQ,1,0.0
VVFRVASKVFPAVYCTVSKK,0,
ILGKVWEGVKSLF,0,
WGRAFSAGVHRLANGGNG,0,
VVRRPVYIPQPRPPHPRL,0,
NILNTIINLAKKIL,0,
ILPWKWPWWAWRR,1,1.698970004
FIKHFIHRFSATRWRRLLKKLHHLLH,1,0.9746858
GFFGKMKEYFKKFGASFKRRFANLKKRL,1,1.255272505
FLGALWEVAKSVF,1,-0.107905397
GILSGVLGMGKKIVCGLRGLC,1,0.698970004
GLFDVIKKVASVIGLASP,0,
IWSFLIKAATKLLPSLFGGGKKDS,1,1.996947669
GLRKRKRKFRNKKKEKLKKI,1,1.806179974
FKQFHFKDFNRAFGFMTRVALQAEKL,1,1.903089987
RRPRPRPRPWWWW,1,1.67063296
FLPVIAGVLSKLF,0,
GWRLIKKILRVFKGL,0,
GIRRILRYGRPS,1,1.0
FLFPLITSFLSKVL,0,
RRWKIVVIRWKK,1,0.07881148
ILPLKLPWWPWRR,0,
VFSVKGGKPSVVIKVVVAST,0,
FFHHFARGIVHVGKTIHRLVTG,1,1.380211242
GALFKVASKVLPS,1,2.181580169
IKIPSFFRNILKKVGKEAVSLIAGALKQS,1,1.150514998
GVVDILKGAAKDLAGHLATKVMNKL,1,2.0
FLGKVFKGASKVFGAVFGKV,0,
SKGKKANKDVELARG,0,
KWKKLLKKLLKLLKKLL,1,0.903089987
YVLWKRKRWIFI,1,2.176091259
RKSKEKIGKEFKRIVQRIKDF,1,1.579362664
FLPVIAGVAANFLPKLFCAISKKC,0,
RLCRIVWVIRVCR,1,0.980852645
FLGALFKAVSKLL,0,
AALKGCWTKSIPPKPCFGKR,0,
RFRRLRPKTRPRLKKI,0,
KKAAAHAAAAAHAAWAAHAAAKKKK,0,
FKCWRWQWRWKKLGAPS,1,1.752397161
FSEAIKKIIDFLGEGLFDIIKKIAESF,0,
FLGELWNVAKSVF,1,0.494154594
RWCVYAYVRIRGVLVRYRRCW,0,
KWKSFLKTFKSAVKTVLHTALKAISS,1,-0.164426159
KIAGKIAKIAGKIAKIAGKIAKIAGK,1,0.795668452
LFGLIPSLIGGLVSAFK,1,1.896325258
GVVDIAKGAAKDIAGHLASKVMNKL,1,2.0
FFPSIAGLAAKFLPKIFCSITKRC,1,-0.225790928
RCVCRRGVCRCVCTRGFC,0,
ILPWKWPWLPKRR,0,
WHWRIRKKLR,0,
VRRFPWWWPFLRR,1,1.360365701
ALWKEVLKNAGKAALNEINNLVQ,1,1.806179974
HRVKRNGFRKFMRRLKKFFAGG,1,0.465769731
KFHHIFRGIVHVGKTIHRLVTG,1,0.430042851
VDKGRYLEAPTPPRPIYNRN,1,1.301029996
KWKKLLKKLLKLL,1,0.903089987
KRKFHEKHHSHRGY,0,
GIGKFLHAALLFAKAFVAEIMNS,1,0.389176369
GIFPIFAKLLGKVIKVASSLISKGRTE,1,1.602059992
SFKKFWGGVKAIFKGARKGWK,1,-0.048455007
RTHGLLKRIKTLL,0,
KKLLFKLKFK,1,0.08162779
GLARALTRLLRQLTRQLTRA,0,
FLPLIGRVLSGAL,0,
KIAGKIAAIAGKIAKIAGAIAKIAGK,1,1.116505609
GIHDILKYAKPS,1,1.176091259
FIGKLISAASGLLSHL,0,
RWRWRWRWRW,0,
RIWFQNRRMRWRR,0,
VKRFKKFFRKLKKSVKKL,1,1.141737143
FFGRLKSVWSAVKHGWKAAKSR,1,0.702893752
HRKKHHGKRNSNRAHQGKHETYGHKTPY,1,1.0
GIGRKFLGGVKTTFRGGVKDFASKHLY,0,
DCYCRIPACIAGERRYGTCIYQGRLWAFCC,1,-0.543084993
MKTFLRLYRSLINKVLHV,0,
GKWKKILGHLIR,1,1.477121255
FFRRFFRRFFRRFFRR,0,
KGLGKDLAKLGVDLVACKISKQC,0,
LQFPVGRVHRLLRK,0,
YPCKLNLKLGKVPFHF,0,
GIGGALLNVGKVALKGLAKGLAEHFAN,0,
GFIGKLASKVVPSVYCKVTG,0,
GLLDFAKHVIGIASKLG,0,
FVGPVLKIAAGILPTAICKIYKKC,0,
RQWQSKIRRT,0,
NGVQPKYKWWKWWKKWW,1,1.572571196
FLPKMSTKLRVPYRRGTKDYH,0,
FLPVILPVIGKLLNGILGK,0,
RKCLRWQWEMRKYGG,0,
SIITMTKEAKLPQLWKQIACRLYNTC,0,
GIHAILKYGKPS,1,1.698970004
GVVVRVPRVVVRWVRR,0,
KKKKKKAAWAAWAAWAA,1,0.903089987
KIAGKIASIAGKIAKIAGKIAKIA,1,1.437906332
LKLLKWLLKLL,1,2.16088497
IVRVAVALRRIR,1,1.710490551
SIITGTKEAKLPQLWKQIACRLYNTC,0,
GCRRLCWRQRCVTWCRGR,0,
INWKKLGKKILGAL,0,
GLFLDTLKGLAGKLLQGLKCIKAGCKP,0,
KWKLFLGILAVLKVL,0,
GKYGFYTHVFRLKKWIQKVIDQFGE,1,1.75257499
GLKALKKVFKGIHKAIKLINNHVQ,1,0.698970004
AKRLKKLAKKIWKWK,1,0.225772497
GVWSTVLGGLKKFAKGGLEAIVNPK,1,1.505149978
INWLKLGKKILGAL,1,1.698970004
SGKLCCRRKK,1,2.0
GLFDIVKKIAGHIAGSI,0,
ILPILGNLLNSLL,0,
VIVKAIATLSKKLL,0,
RKKKLKIIKRLI,0,
GLVTSLIKGAGKLLGGLFGSVTGGQS,0,
KFLGTLVNLAKKIL,0,
LDPKVVQSLL,0,
QSHLSMCRYCCNCCRNNKGCGFCCKF,0,
ALWKTLLKKVLK,0,
FKRLKKLAKKIWNWK,1,0.301029996
KWKSFIKKLTDKFLHSAKKF,1,1.00331524
KRKSGSGSKRK,0,
KFDPLEGAPMARGIVLEKVG,0,
SKVWRHWRRFW,1,0.495544338
HTASDAAAAAALTAANAAAAAAASMA,0,
GLPVCGETCFGGTCNTPGCSCTWPICTRD,1,2.204119983
FLPFLIPALTSLISSL,0,
GLLKFIKTLL,0,
VFRLKKWMQKVIDRFGG,0,
SKFPLAGIFSVPGVKRVVVI,0,
GLMDTIKGVAKTVAASWLDKLKCKITGC,0,
VFQFLGRIIHHVGNFVHGFSHVF,0,
YCNGKRVCVCR,1,1.584834002
FFGTALKIAANVLPTAICKILKKC,0,
VLSAADKGNVKAAWGKVGGHAAE,0,
GIGAVLKVLTTGLPACISWCKRKRQQ,0,
GLFDKWAWWRWRR,1,1.826666318
RRWRRWWRRWRR,1,-0.002671472
IWGLIAHGVGHVGRLIHGLIRG,0,
QQRFEWEFEQQ,1,2.517646465
YKLLKKLLKKLKKLLKKL,1,0.649751982
FLKALFKALKKLL,0,
KIAKKIAKIAKKIA,1,2.225257535
FFGSLLSLGSKLLPSVFKLFQRKKE,0,
LRLKSIVSYAKKVL,1,1.174832554
SFVFKLASKVVPSVFSALTR,0,
LRRIIRKIIHIIKK,1,0.263161387
SMLSVLKNLEKVELEFVACKINKQC,0,
VLSAADKGNVKAAWGKVGGHAAEYGAEAL,0,
GNNRPIYIPQPRPPHPRL,0,
GLPRKILAAIAKKKGKAKGPLKLVAKA,1,2.0
FLQHIIGALSHFF,1,1.707570176
VNWKKVLPKIIKVAK,1,2.0
GIGGVLLSAGKAALKGLAKVLAEKYAN,0,
GNNKPVYIPRPRPPHPRLV,0,
ILAWKWPWWAWRR,1,2.0
GKWMSWLKHILK,1,1.138230902
GILDTLKQFAKGVGKFLVKGAAQ,1,1.922662424
ALWMTLLKKVLKAAAKAALN,0,
LVRGCWTKSYPPKPCFVR,0,
KLRKLFRKLLKLIRKLLR,1,0.835637068
DIGKYCGYAHALN,1,2.0
FIKHFIHRFSATLQLLKQLLKLLKQF,1,0.998384028
GLLGKLLKIAAKVGSNLL,0,
FQWQRNMRKVR,0,
AIHKLAHKLLKKTLRAVKKLAN,1,1.021189299
GVVGKLASKVVPSVFGSFTK,0,
GLFDVIAKVASVIKKL,0,
GFKAIVQRIKDFLRNLV,0,
IKKIIKKIIK,1,2.698970004
ILGKLWEGVKSI,1,1.397940009
AKKVFKRLEKLFSKI,0,
GLWSKIKEAAKTAGLMAMGFVNDMV,1,1.342422681
IGKLVKWIIKTVNKFTKK,0,
KWFKIQLQIKKWKNKK,0,
PFWRRRIRIRR,0,
FLPAIAGVAAKFLPKIFCAISKKC,0,
GFMSKVANFAKKFAKGGVNAIMNQK,1,0.602059991
GIWKTIKSMGKVFAGAILQNL,0,
GNNRPVYIPQPRPPHPRL,0,
AFGMALKLLKKVL,1,1.583198774
FIGALLRPALKLLAGK,1,2.408239965
GMWSKILGKLIR,1,1.417464548
GVIDIIKGAGKDLIAHAIGKLAEKV,1,1.779344441
GIGGALLSAGKSALKGLAKGLAEHL,0,
GILDTLKQFAKGVGKDLVKGAAQGVLS,1,0.964303939
WKWPWWPWRR,0,
GIPCGESCVWIPCLTSAIGCSCKSKVCYRN,1,1.0
LLLFLLKKRKKRKY,0,
IKKIVSKIKKLL,1,0.494154594
RQIRIWFQNRRMRWRR,0,
GRRPRPRPRPFFF,1,2.204119983
HFLGTLVKLAKKIL,1,0.903089987
TRSSRAGLQFPVGRVHR,0,
GLISGLLGVGKMLVCGLSGLC,0,
SLSRFLSFLKIVYPPAF,0,
KFGYRYDSLELEGRSISRIDELIQQR,0,
VTLASHLPSDFTPAVHASLDKF,0,
FLSLIPHAINAVGVHAKHF,0,
ILPWKWPWLPWRR,0,
LKLSPKTKDTLKKVLKGAIKGAIAIASMA,1,0.801029996
PVGRVHRLLRK,0,
RKRKILILIKRK,0,
RRWWRRWRRW,0,
ILPVKVPVVPVRR,0,
ANFLPKIFCKITRKC,1,1.44800779
GAARKSIRLHRLYTWKATIYTR,0,
FWGLKGLKKFSKKL,1,1.473638233
FAKWAFKWLKK,1,0.934708576
RAVAVIIRLRRV,1,1.207303679
HFLGTLVNLAKKIK,0,
GIGKFLHAAKKFAKAFVAEIMNS,1,1.003672066
FIFHIIKGLFHAGKMIHGLVTRRRH,0,
GIGKFLKKAKKGIGAVLKVLTTGL,1,0.301029996
FLPLVTMLLGKLF,1,2.204119983
GIWDTIKSMGKVFAGLILQNL,0,
WPSPGRPRPFPGRPKPIFRPR,1,2.0
QVRWWGRYWRRKWATCR,1,1.727947049
GILDPIKAFAKAAG,1,0.904157831
STLHLVLRLRGA,0,
AVVDILKGAAKDIAGHLASKVMNKL,1,2.0
GLFGVLAKVAAHVVPAIAKHF,1,1.505149978
RWRRWRRWRRWR,1,1.502478506
WLRRIKAWLRR,1,1.906523306
SGKLWWRRKK,1,2.0
FFPFLLGALGSLLPKIF,0,
RLARIVVIRWAR,1,1.033432063
FLPLIGRVLSGILGWKRKRFG,1,0.903089987
KWKLFKKIGIGAVLKVLT,1,0.477121255
WWWRRRRRRRR,1,1.54464814
GLNALKKVFQGIHEAIKLINNHVQ,0,
GKPRPYSPRPTSHPRPIRV,1,2.0
KKKKKKAAFAAWAAFAA,1,1.204119983
GLFGVLAKVAAHVVPAIAEH,1,1.806179974
VGRKHSILNCIPYLKKKKIMRL,0,
FLPLIAGVAASILPKIFCFITKKC,0,
FLPFIAGMAAKFLPKIFCAISKKC,0,
GVVDILKGAAKDIAGHLASAVMNKL,1,2.0
KTRNWFSEHFKKVKEKLKDTFA,1,1.955746467
KLLKFIKKLL,0,
GIFGKILGAGKKVLCGLSGLC,0,
FLSAIASMLGKFL,0,
AVNIPFKVHLRCKAAFC,0,
DDALRHLLRHLLRHL,1,2.0
FRIRVRVKWKLFKKI,1,0.301029996
PKAMRLLRRLLRLQKKG,0,
QADFQKVVAGVANALAHRYH,0,
GLKDMIKNLAKEAAVKLAGAVINKFSPQPQ,1,1.0
GKWQSLLKHILK,1,1.754728958
FLGALFKVVSKLL,0,
GLWEKIKEKASELVSGIVEGVK,0,
GIGKFLHKVKSFGKSWIGEIMNS,1,1.278753601
GWLDVAKKIGKAAFNVAKNFL,0,
GFLSILKKVL,1,1.770852012
GKKYRRFRWKFRKGRFWFWG,1,0.908519731
GVVDILKGAAKDIAGHLASKVMNKA,1,2.0
FLGWLFKWASK,1,2.160318052
FLPILASLAAKLGPKLFCLVTKKC,0,
GVVVRIGRVVVRGVRR,0,
AIFIFIRWLLK,0,
GEFLKCGESCVQGECYTPGCSCDWPICKKN,1,2.0
FLPAIIGMAAKVLPAFLCKITKKC,1,1.875061263
INWKKIAEIGKQVLSAL,0,
GIGGALLSAGKSALKGLAKGLAEHF,0,
RLWRRWRRWLR,1,1.103776651
GLMDTVKNAAKNLAGQLLDRLKCKITGC,1,1.301029996
KYGPALVIAVKKSCSLTFRA,0,
GVVKVSRLKGESLRARL,0,
WLRRIKAWLRRIKA,1,1.003433319
NVWKKILGKIIKVAK,1,1.367355921
ECRRLCYKQRCVTYCRGR,1,0.301029996
GWGSFFKKAAHVGKHVGKAALGAAARRRK,1,0.717892359
GFLSALKKYLPIVLKHV,0,
FLPLIGRVLSGIL,1,2.428666249
QWGRRCCGWGPGRRYCRRWC,1,1.701871534
RLARIVVIRVRR,1,1.031156996
LIGPVLGLVGSALGGLLKKI,0,
FLPAVLLVATHVLPTVFCAITRKC,1,0.903089987
FLPLLAGLAANFLPKIFCKITRKC,1,1.012576695
LDVKKIICVACKIRPNPACKKICPK,1,2.0
CWTKSIPPKPCF,0,
CGGYSGGWHRLRSTSYRCG,0,
RKGWFKAMKSIAKFIAKEKLKEHL,1,1.245680847
GRPNPVPNPKPPHPRL,0,
FLGELWNVWKSVF,1,0.494154594
KKLFKKILKFL,1,1.056179515
RFWPVVIRTVVAGYNLYRAIKKK,0,
RIIRKIIHII,1,0.894611128
RVVRPVVQGVKQKVR,1,0.961546778
GVVTDLLNTAGGLLGNLVGSLSG,0,
ALWKTMLKKLGTMALHAGKAALGAAADTI,0,
ILELAGNAARDNKKTRIIPRHLQL,0,
GFGKALKLLKKVL,1,1.0
FHFHLHFASASAFIKHFIHRF,1,1.682275263
RRRWWWRRWWRR,1,0.291926696
AIGSILGRLAKGLPTLISWIKNR,1,1.096910013
LLKWLLKWLLK,1,1.740556167
WGEAFSAGVHRLANGGNG,0,
KLKKLLKKWLKLLKKLLK,1,0.903089987
FRRPFKWPRRFFKFF,1,1.505149978
WKKWWKKWWKWWKKWWKK,1,0.602059991
KSPFVLVVSSRVAAVIKSLP,0,
FLSLIPKLVKKIIKAFK,0,
GCSRWIIGIHGQICRD,0,
VHVPPICSHRECRK,0,
KWKKFKKIGAVLKVL,1,-0.301029996
SKVWRHWRRFWHRAHRKK,1,0.201397124
VDNANDLLSKVKKDKSD,0,
NIRRIIRKIIHIIKKY,1,0.305685765
GKWSKILGHLIR,1,1.856425826
RIKRFWPVVIRTVVAGYNLYRAI,0,
GVVDILKGAAKDIAGHLASKAMNKL,1,2.0
FALKALKKLKKALKKAL,1,0.707498294
ILGPVLGLVGNALGGLIKKI,0,
FRCRRRFCRF,1,2.10720997
KIAGKIASIAGKIAKIAGKIAK,1,2.075661483
FFSMIPKIAGGIASLVKNL,0,
FTPVLQADFQKVVAGVANALAHRYH,0,
GWFDVVKHIAKRF,0,
KKKKGIGKFLHSAKKFGKAFVGEIMNS,1,1.224814021
QKKIRVRLSA,1,0.623779091
RLKKIGKVLKWI,0,
GLLSGILGAGKHIICGLSGLC,0,
GLRKRLRKARNKIKEKLKKI,1,0.0
GWASKIGQTLGKIAKVGLKELIQPK,1,1.671344314
SKCYQWQRRMRKLGAPSITCIRRTS,0,
NGKTWKKNRKACQVK,0,
GLLGLLGSVVSHVLPAITQHL,0,
LLGMIPLAISAISALSKL,0,
GILSNVLGMGKKIVCGLSGLC,0,
NLLKSALKTVNKLLAAS,1,1.806179974
APVPFSCTRGCLTHLV,0,
STVKVASKLAVVVSPISKGS,0,
SNWKKIASIGKEVLKAL,0,
KKKVVFKVKFK,0,
KKAAALAAAAALAAWAALAAAKKKK,0,
GWANTLKNVAGGLCKITGAA,0,
GFIATLCTKVLDFGIDKLIQLIEDK,0,
LRKLRKRLVRLASHLRKLRKRLL,1,0.437158561
FFGWLIKGAIHAGKAIHPLIHRRRH,1,0.832508913
IIGHLIKTALGFLGL,0,
WRCRRRFCRW,1,2.10720997
FFHHIFRPIVHVGKTIHRLVTG,1,0.602059991
FLPLVTGLLSGLL,0,
KRLRRVWRRWR,1,1.301029996
KLWKLFKKIGIGAVLKVLTTGLPALKLTLK,1,0.429629269
RKFRNKIKEKLKKIG,1,0.447158031
FFFHIIKGLFHAGRMIHGLV,0,
FLGALFKVASKVLPSVKCAITKKC,1,1.894116602
CKRFRIRVRV,1,1.477338445
FVQWFSKFLLRIL,1,1.681241237
FQWQRNPRKVR,0,
NLKAIAALAKKLL,1,1.281974597
SLLSLIRKLLT,1,0.204119983
GTVRRFPWWWPFLRR,0,
ILGPVLGLVGDTLGDLL,0,
GSKKPVPIIYCQRRTGKCQRM,0,
PKLLKKFLKKWIG,0,
LCAAHCLAIRRR,0,
FLSIIAKVLGSLF,1,2.25257499
RKCLRWQWAMRKVGG,0,
RGGRLCYCRRRFCVCVGR,0,
MLLKKLLKKLLKKM,1,1.253720778
KWKLFKKIPKFLHLAKKF,1,0.785875882
TISQPEWFKARRWQWRMKKLGA,0,
AGLQFPVGRVHRLLRK,1,1.096910013
FLGSLIGAAIPAIKQLLGLKK,0,
GILSSLLKKLKKWIAK,1,1.112654641
GRFRRLRKKTRK,0,
LVKDNPLDISPKQVQALCTDLVIRCMCCC,0,
ILPSKSPSSPSRR,0,
GCKKYRRFRWKFKGKFWFWGG,1,1.815358083
FLPIVTNLLSGLL,1,2.36361198
GLLKKIKWLL,1,1.45331834
FLPIIAGVAAKVFPKIFCAISKKC,0,
RFGRFLRKIRRFRPKVTITIQGSARF,0,
FVVKKKKKVF,1,1.902875533
GIGAVLVVLTTGLPALISWIKRKRQQ,0,
KKLKLAPAKLALLWKALALKLKKA,1,0.474216264
KFFRKLKKSVKKRAK,1,0.996570248
FLSLIPKIATGIAALAKHL,1,1.505149978
FLGVVFKKASKVFPAVFGKV,0,
ILPWKWPWWKWRR,1,1.013603085
KKAGKIAKKAGKIA,1,2.258473402
FLGGLIKPWWPWRR,1,1.537681488
FLPIIASVAAKVFSKIFCAISKKC,0,
GLLKRIKKLLKKIKKLL,1,1.096910013
KKVVVKVKFK,1,0.414042567
LFKVASKVLPSVK,1,2.150039775
PRPFPGRPKPIFRPR,1,2.0
GIMSSLMKKLAKHIAK,1,1.099328544
GLKALKKVFQGIHKAIKLINNHVQ,1,1.0
RWCVYAYVRVRGVGVRYRRCW,1,1.096910013
KLLKLLLKLWKKLLKLLK,1,1.651109857
ILGPVLGLVGNALGGLIKKL,0,
RGGRLCYCRPRFCVCVGR,0,
FMGSALRIAAKVLPAALCQIFKKC,0,
ELSKAVRLIK,1,1.0
NDAACAAHCLFRGRSGG,1,1.768052541
EQEENVVKIQAFWKGYKQRKEYM,0,
CYCRIPACIAGERRYGTCIYQGRLWAFCC,1,-0.528530945
FPISTLLKWWKG,0,
LLPIVINLLKSLL,0,
KWKSFIKKLTSAAKKVTTAAKPLTK,1,0.796016062
VVFKLASKVVPSVYCTITKK,0,
NPAGCRFCCGCCPNMIGCGVCCRF,0,
RRWCFRVCYKGFCYRKCR,0,
GNNRPVYIPQPRPHPRL,0,
KWKSFIKKLTSKKLHSAKKF,1,1.312653534
FKARRWQWRMKK,0,
RIKRFWPVVIRTVVAGYN,0,
HFLGTKVNLAKKIL,0,
RPPQFTRAQWFAIQHISLN,0,
GVVDILKGAAKDAAGHLASKVMNKL,1,2.0
RWRWNRRTGRWRWY,0,
LLPIVVNLLKSLL,0,
NLLNKALGTVNGLLGRS,0,
GLLRASSVWGRKYYVDLAGCAKA,0,
WWSYVRRWRSR,1,2.0
RRIIRKIIHII,1,1.14544208
FFSALLSGIKSLF,0,
FRIRVRVFKRIVQRIKDFLR,1,0.451544994
GFMDTAKNAAKNVAVTLLDNLKCKITKAC,0,
KGIRGYKGGYCKGAFKQTCKCY,0,
IIGPVLGLVGSALGGLLKKI,0,
KWKKLLKKLLKLLKKLLK,1,0.903089987
FWGALAKGALKLIGPGSLFSSFSKKD,0,
QHSSGKSDVRRW,1,2.0
GLLGGLLGPLLGGGGGGGGGLL,1,0.903089987
GLLSVLGSVAKHVLGHVVPVIAEHL,0,
RVVRQWPIGRVVRRVVRRVVR,0,
WRWWRRWWRR,1,0.698970004
KLLLKLLLKLLK,1,0.939766068
ELLKAVRLIK,1,0.698970004
KRRHWFPLSFQEFLEQLRRFRDQLPFP,1,1.503617799
ILRWKWRWWRWRR,1,0.755874856
GLKKIFKKGLGSLVKGIAAHVAS,0,
GLPALISLIKRKRQQ,0,
IWRIFRRIFRIF,1,0.602059991
GLNALKKVFQGIHKAIKLINNHVQ,0,
GRADYNFGYGLGRGTRKFFNGIGRWVRKTF,1,1.234465289
RWCVYAYGRVRGVLVRYRRCW,1,0.193124598
FLPIVAGLAANFLPKIVCKITKKC,0,
AFHHIFRGIVHVGKTIHRLVTG,1,0.473047136
KNVNSIVKIQAFFRARKAQDDYR,0,
GIGTKFLGGVKTALKGALKELASTYVN,0,
KKKKKKAAAFAAAAAFAAWAAFAAA,1,1.505149978
PKLLETFLSKWIG,0,
KIAGKIAKIAGKIAKIAGKIAK,1,1.164351374
LLKKLLKWLKK,1,0.753601541
YPCKLNLKLGKVPFH,0,
GMASKAGSVLGKLAKVAIGAL,0,
AKKVFKRLGIGAVLWVLTWG,0,
GIGASILSAGKSALKGLAKGLAEHFAN,1,0.799340549
ILGKLLSTAAGLLSNL,1,2.408239965
KWKSFLKTFKSPARTVLHTALKPISS,1,1.032024053
FLSLIPKAIKAVGVKAKKF,0,
FRPALIVRTKGTRL,0,
KWCFCVCYRGICRCRCRG,1,1.017033339
GFMDTAKNVAKNMAGNLLDNLKCKITKAC,1,0.301029996
LLPIVANLLKALL,0,
GLFDVIKKVASV,1,2.603577309
LLSNVAGLLKQFAK,1,1.629564606
RLRRIVVIRVAR,1,0.716329439
RWWRWWRRWWW,0,
FLSLLPSIVSGAVSLAKKL,0,
LAFVAGVAAEMMQHVYCAASKKC,1,0.602059991
KVFKRLEKLFS,0,
GAFGNFLKGVAKKAGLKILSIAQCKLFGTC,1,0.564167891
FFHHIFRGIVHIGKTIHRLVTG,1,0.602059991
RWCVYAYVRGRGVLVRYRRCW,1,1.698970004
GIGKFLKKAKKFGKAFVKMKK,0,
KWKLFKKILKFLHLAKKF,1,0.494850022
QKAIRVRLSA,1,0.845664485
FKHHIFRGIVHVGKTIHRLVTG,1,0.516051421
KKLLPIVANLLKSLL,0,
FLPVLAGIAAKVVPALFCKITKKC,0,
VDKGSYLPRPTPYSPRPPIYNRN,1,1.301029996
RRIRPRPPRLPRPRPRP,0,
ILPWKLPWWPWRR,0,
GTFIKQQRKQKQQRHHTSGTRKRMAK,0,
KWKLFKKIGIGAVLKVLTTG,1,-0.045757491
GIGKALHSAKKFGKAFVGEIMNS,0,
FWGFLGKLAMKAVPSLIGGNKSSSK,1,1.176091259
RNPRPVYIPQPRPPHPRL,0,
FFHHIFRGIVHVGKKIHRLVKG,1,0.698970004
FFHHIFRPIVHVAKTIHRLVTG,1,0.602059991
FFGWLIKGAIHAPKAIHPLIHRRRH,1,1.133538908
KRFWPVVIRTVVAGYNLYRAIKKK,0,
FFHHIFRAIVHVAKTIHRLVTG,1,0.602059991
FLPLKKLRFGLL,1,1.091000424
GVIDAAAKVVNVLKNLF,0,
SMLSVLKNLGKVGLGFVAAKIAKQA,0,
INLLKIAKGIIKSL,1,1.311697231
FFSTSCRSGC,0,
ILGPVIKTIGGVIGGLLKNL,0,
KKLFKKIKKFL,1,0.750535795
YKLLKLLLPKLKPLLPKL,1,1.148371945
GILSSWLKKLKKIIAK,1,0.686456002
QAKIRVRLSA,1,1.447724476
GVFRVLRKVTRVVLKVIGKVLKWI,0,
KIAGKIASIAGKIAKIAGSIAKIAGKIA,1,1.681791038
WRPGRWWRPGRW,0,
STLALVLRLRGG,0,
GIGGKILGGLRTALKGAAKELAATYLH,0,
LRWQNEMRKV,0,
FVGGVASKVVPSVYCKVSKK,0,
GLWQKIKSAAGDLASGIVEAIKS,0,
GAFGDLLKGVAKEAGMKLLNMAQCKLSGKC,1,1.812913357
KKLALALKKLALLWKKLALALKKA,1,0.62324929
LILGKLWKGVKSIF,1,1.494303481
RGARIVVIRVAR,1,1.357919174
GLFDVIKKVASVI,1,1.964603598
GIGAVLWVLTTGLPALISWIKRKRQQ,0,
FLGWLFKWAKK,1,1.244508102
GMASKAGAIAGKIAKVALKALGGC,0,
FKCRRWQWRMKKLGAPSITCVRRAFA,0,
KRKILILIGSG,0,
AIGSILGALAKGLPTLISWIKNR,1,1.247425011
FLKLLAGLLKNFA,0,
VQWRIRVAVIRK,1,1.021172092
GIGKFLHSAKKFGKAFVGEIMNSGGS,0,
FLGVVFKLASKVFGAVFGKV,0,
FIKHFIHRFGGGIKQLLHFFQRF,1,1.638363972
LVKRFKKFFRKLKKSVKK,1,0.991222145
SILPTIVSFLSKFL,0,
GVIDAAKKVVNVLKNLP,0,
GFMKYIGPLIPHKVKAISDLI,0,
FWGALAKGALKLIGVGSLFSSFSKKD,0,
KFHHIFRGIKHVGKTIHRLVTG,1,0.258025711
GATPEDLNQKLS,1,2.293329455
KKAAHVGKHVGKAAKK,1,1.716003344
APKAMHSAKKFGKAFVGEIMLQKKGI,0,
AKKVFKRLPKLFSKIWNWK,1,0.193124598
FLPIVASLAANFLPKIICKITKKC,0,
RFCFKGTPCG,0,
FLSTLLKVAFKVVPTLFCPITKKC,0,
LCYCRRRFCVCVGR,0,
INWKKIFQKVKNLV,0,
GRFRRLRKKTRKRLKKIGKVLKLI,0,
LGGLIKIVPAMICAVTKKC,1,2.177881457
GLLSKFGRLARKLARVIPKV,1,0.451544994
AKCRRWQWRMKKLGA,0,
RFRRLRWRTRWRLRRI,0,
VFHLLGKIIHHVGNFVYGFSHVF,0,
VDKPPYLPRPRPPRRIYNN,0,
GVITDALKGAAKTVAAELLRKAHCKLTNSC,0,
GLPALISWIKRKRGG,0,
WGRAFRRGVRRLARGGRR,0,
RFRPPIRRPPIRPPFRPPFRPPVR,1,0.274640845
FLPLFASLIGKLL,0,
KIVKVITVKSISPASLVPVF,0,
FSIARLLKWWKG,0,
KLAGLAKKWAGLAKKLAGLAK,1,0.874382876
GFVALLKKLPLILKHLP,0,
KWKKPLLKKLLKKL,1,0.494154594
WKKIPKFLHLAKKF,1,0.494850022
GIMDTIKGAAKDLAGQLLDKLKCKITKC,0,
FITGLIGGLMKAL,1,2.602059991
QKRIRVRLSA,1,1.416491172
IISTIGKLVKWIIKTVNKFTKK,0,
FLGGLIKPVPAMICAVRKKC,1,2.06656238
ALLKRIKTLL,0,
SLKDKVKSMGEKLKQYIQTWKAKF,1,1.544068044
IKLSPETKDNLKKVLKGAIKGAIAVAKMV,1,1.602059991
ILPWKWPWLPYRR,0,
RSVCRQIKICRRRGGCYYKCTNRPY,0,
GLFDIVKKVVGTIAGL,0,
FLKGIKGMLGKLL,1,1.079181246
GRPNPVNNKPTPHPRL,0,
GFKDWIKGAAKKLIKTVASSIANQ,0,
KWWVFRVVYRGIVYRRVRWK,0,
HNKQEGRDHDKSKGHFHRVVIHHKGGKAH,1,0.405796624
FLPKKFRWWKYRK,1,0.929202944
FKKFFKKLKNSVKKR,1,0.579682896
IIPLPLGYFAKKP,1,1.83659646
IASKVANTVQKLKRKAKNAV,1,1.698970004
ITIPPIVKDTLKKFIKGAISGVM,1,1.301029996
FRFKRFRKKGKKLFKKVSPPILLLHL,0,
NAGSLLSGWG,0,
GRAKRFRKKAKKLFKKLSPVIPLLHL,0,
IISTIGKLVKWIIDTV,0,
KKSLLAKAKNFGGKVITIFKA,1,1.698970004
KWKLFKKIPKFLHLAK,1,0.795880017
MWSKILGHLIR,1,2.0
NALSSPRNKCDRASSCFG,1,0.301029996
KWKSFIKKLTSKFLHSAKKF,1,0.10515628
GSKKPVPIIYCNRRAATGKCQRM,1,0.809546666
SWASMAKKLKEYMEKLKQRA,1,1.653212514
LRPAILVRIK,0,
FLGPIIKIATGILPTAICKFLKKC,0,
KLLKWLKKLLK,1,0.753601541
HKWMSLLKHILK,1,2.0
SSMKLSFRARAYGFRGPGPQL,1,1.314504973
RLPRPVYIPQPRPPHPRL,0,
GSAQPYKQLHKVVNWDPYG,0,
KKKALFALWLAFLAKKK,1,0.903089987
RRLRRLLRRLLRRLRR,0,
INLKAIAPLAKKLL,1,1.25913377
RWCVYAYVRRRGVLVRYRRCW,1,0.193124598
ILKWKWPWWPWRR,1,0.863088087
FLIGMTHGLICLISRKC,1,1.720014386
GLLKRIKNLL,0,
FLKGIKGMLGKLF,1,1.079181246
GAKALTKAATAFTKFYKTIW,1,1.460295429
KKWKIVVIKWKK,1,0.402292175
AAKIILNPKFRCFAAFC,0,
GLLKSLCKKFVKGHLGELIEELTTSDD,0,
QGDGNFVIYTWKP,0,
GSKKPVPIIYCNRRTGKCQR,0,
KKLALALKKPALLWKKLALALKKA,1,0.961895474
CWFWKWWRRRRR,1,0.939519253
IKQLLHFFQRF,1,1.626568568
EKCLRWQWRMRKYGG,0,
AWLDKLKSLGKVVGKVALGVAQNYLNPQQ,1,1.0
ILPEKEPEEPERR,0,
GLQFPVGRVHRLLRK,0,
GSPALISWIKRKRQQ,0,
GWASKIGQTLGKMAKVGLQEIIQPK,0,
YKLLKLLLPKLKGLLPKL,1,0.378460206
LCAAHCLAILRR,0,
LLPALISWIKRKRQQ,0,
RLSRIVVIRVCR,1,1.036848709
GIGKFLHTLKTFGKKWVGEIMNS,1,1.113943352
RGGRLCYCRRRFCVCT,0,
PKLKFLSKWIG,0,
VGKTWIKVIRGIGKSKIKWQ,1,1.82736735
KMDSRWRWKSSKK,1,1.032370973
GLLDTIKGVAKTVAASMLDKLKCKISGC,0,
NVLSSVANGINRALSFFG,0,
RGGGLCYCRRRFCVCVGR,0,
KKRLKKIFKKPMVIGVTIPF,1,1.431054963
FIKWKFRWWKWRK,1,0.77815125
KKVVFKVKFKKK,0,
FRRFRKWFRRFLKLF,1,1.397940009
GFMDTAKNVAKNVAVTLLDNLKCKITKAC,0,
RRLRKKTRKRLKKIGKVLKWI,0,
KWKSFIKKSTSKFLHSAKKF,1,1.313918445
KLLLKLKLKLLK,1,2.0
KIKEKLKKIGQKIQG,1,2.155336037
RRAAVVLIVIRR,1,0.895825182
RWCVYGYVRVRGVLVRYRRCW,1,0.495544338
GLPRKILCAIAKKKGKAKGPLKLVCKA,1,1.812913357
ARDGYIVDEKGCKFACFIN,0,
KIAGKIAKIAGKIAK,1,2.229285625
AVVKVPLKKFKSIRETMKEKGLLEDF,0,
GLKEIFKAGLGSLVKGIAAHVAN,0,
KAYSTPRCKGLFRALMCWL,1,1.242711261
KRIVKLILKWLR,1,1.003433319
RVKRFWPLVPVAINTVAAGINLYKAIRRK,0,
KKAAAMAAAAAMAAWAAMAAAKKKK,0,
DAHRAGLQFPVGRVHRLLRK,0,
LMDTVKNVAKNLAGHMLDKLKCKITGC,0,
INWKSIFEKVKNLV,0,
TVYQHQKAMKPWIQPKTKVIPYVRYL,0,
GIFGKILGVGKKVLCGLSGVC,0,
IASKVANTVQKLKRKAKNAVA,1,1.698970004
AKAWGIPPHVIPQIVPVRIRPLCGNV,0,
GLLGKLLKIAAKVGKKLL,0,
RRLTLRQLLGLGSRRRRRSR,1,0.495544338
RIIDLLWRVRRPQKPKFVTVWVR,1,0.881508908
GRRGPRRANQNGTRRRRRRT,1,1.397940009
KILRGVSKKIMRTFLRRISKDILTGKK,0,
GKCNVLCQLKQKLRSIGSGSHIGSVVLPRG,1,0.666573556
RLPRPRPRPLPFPRPG,0,
GNNRPVYIPRPRPPHPRLV,0,
CKKLLKLLKKLCKLAG,0,
AWKEKIRKKLKNEIKKKWRKAVIAW,1,0.903089987
GLPGPLGPAGPK,0,
FLGKVFKGASKVVPAVFGKV,0,
YRWWRWARRWYRWWRWARRW,1,1.72427587
FKCRRWQWRMKALGA,0,
RRRRRYRYWRRGLTIQGRPKSLPLNTGD,1,0.903089987
INWKGIAAMAKKLL,0,
FIRWRFRWWRWRR,1,0.454388963
FLGVVFKGASKVFPAVVGKV,0,
FPFSLIPHAIGGLISAIK,0,
KKFGKAFVKILK,1,1.055887685
LYRRRFVVGR,1,2.301029996
KKYLLPIVGNLLKSLL,0,
WGIRDILKYGKPS,1,0.698970004
KKKKKKAAFALWLAFLA,1,1.204119983
AAGRYQLLSRYWDAYR,1,2.176091259
RLYRRRFVVGR,1,1.397940009
LLKLLLPKLKGLLFKL,0,
GLLKKLLKIAAKVGKKLL,0,
SMISVLKNLGKVGLGFVACKVNKQC,0,
ALFSILRGLKKLGNMGQAFVNCKIYKKC,0,
GKLQAFLAKMKEIAAQTL,0,
KFLHLAKKFPKWKLFKKI,1,0.193124598
AKLWLKAAKLWLKA,0,
RICRIVVIRCIR,1,1.028047167
RKKKIKIIKRLI,0,
DIFGAIWPLALGALKNLIK,1,2.10720997
GMASLWAKVLPHVVKLIK,1,1.726727209
LPLLAGLAANFLPKIFCKITRK,0,
FISGLIGGLMKAL,0,
KSLRPRCWIKIKFRCKSLKF,1,0.868595081
GLMSLVKDIAKLAAKQGAKQ,0,
GIGAVLIVLTTGLPALISWIKRKRQQ,0,
FLPLIGRALSGIL,0,
GFLGPLLKLGLKGVAKVLPHLIPSRQQ,1,0.77815125
GRFRRLRKKTRKRLKKIGKVLKAI,0,
CVYAYVRVRGVLVRYRRCW,1,0.954242509
GLMDTIKGVAKNVAASLLEKLKCKVTGC,1,1.301029996
GFMKYIKPLIPHAVKAISKLI,0,
KLLKKLLKLWKKLLKKLK,1,1.645308403
GFKRIVQRIKDFLANLV,0,
IRIRCRRRFCRIRI,1,0.602059991
LKLSPETKDTLKKVLKGAIKGAIAIASLA,1,0.698970004
LKKWLKKWLKK,1,1.42627525
GNNRPVYIAQPRPPHPRL,0,
PKLLKFLKWIG,0,
GVLKRIKTLV,0,
KKAKKFGKAFVK,1,2.569474343
GEGFLGMLLHGVGHAIHGLIHGK,0,
GMWSKILGHLIR,1,1.653212514
ILPFVAGVAAEMMKHVYCAASKKC,1,0.903089987
RKKKVKLLKRLV,0,
GKMKEYFKKFGASFKRRFANLKKRL,0,
GLNALKKFFQGIHEAIKLINNHVQ,0,
DNGEAGRAAR,1,1.707570176
IFGAILPLALGALKNLIK,1,1.806179974
RRCVYAYVRVRGVLVRYRRCW,1,1.397940009
SCTTCECCCSCS,0,
GLFDIIKKIAESI,0,
GLWSTIKQKGKEAAIAAAKAAGQAALGAL,1,0.792843139
KWLKKLLKKLL,1,0.753601541
GLMDTVKNAAKNLAGQMLDKLKCKITGSC,0,
ALRSAVRTVARVGRAVLPHVAI,1,0.939260898
RRRRRFRRVIRRIRLPKYLTINTE,1,1.505149978
FIGALLRPALKLLA,1,1.698970004
GSKKPVPIIYCQRRSGKCQRM,0,
GIWKTIKSMGKVFAGKILQNL,1,1.137263536
LLRRVAGLLKQFAK,1,0.695454866
VRLIVAVRIWRR,1,1.092104684
YKLLKLLLPKLKPLLIKL,1,0.571084745
WLNALLHHGLNCAKGV,0,
KFFARLLASVRAAVKKFRKKPRLIGLSTLL,1,0.737803037
GIGHFLHKVKSFGKSWIGEIMNS,1,1.278753601
WCPPMIPLCSRF,0,
GNNRPVYIPQPRPPHPR,0,
GILGNIVGMGKKIVCGLSGLC,1,0.602059991
ILPLKLPWLPLRR,0,
GFFDRIKALTKNVTLELLNTITCKLGVTGG,0,
FRSGILKLASKIGSVLCAVLKNC,0,
GVLDILKGAAKDLAGH,0,
SPGRPRPFPGRPKPIFRPR,1,2.0
RWCVYARVRGRRYRRCW,1,1.397940009
KLALKLALKAWKLALKAA,0,
GIMSSLMKKLAKIIKK,1,0.858001672
AKCLRWQWRMRKYGG,0,
GLFDVIKKVASVIKKL,0,
GLAANFLPKIFCKITRKC,1,0.790804551
FLPPSPWKETFRTS,0,
FLGVVFKLASKVFPAVFGKV,0,
GVLDILKGAAKDLAGHVATKVINKI,1,2.0
GRWKRWRKKWKKLWKKLS,1,0.602059991
GLGSLLGKAFKFGLKTVGKMMGGAPREQ,0,
GKLWLKGGKLWLKGGKLWLKG,0,
KNWKGIAGMAKKLLGKNWKLM,0,
FPVTFRFFKFFKG,0,
GFCIPIRCPGHTRQIGTCFGPRVKSCRKW,1,0.602059991
GLWSTIKNVGKEAAIAAGKAALGAL,1,0.805746374
ALVYAGIKKTAFLKVQKCDG,0,
GLHKVMREVLGYERNSYKKFFLR,0,
AGWGSIFKHIFKAGKFIHGAIQAHND,1,0.87089508
RRIRPRPPRLPRPRP,0,
VIHRAGLQFPVGRVHRLLRK,0,
GVVDILKGAAKAIAGHLASKVMNKL,1,1.698970004
GLFLDTLKKFAKAGMEAVINPK,0,
RWRLLLLKKF,0,
FLFSLIPSAISGLISAFK,1,1.64043984
IFGLLLHGAIHVGKLIHGLVRRH,0,
NFLDTLINLAKKFI,0,
RVVRPVVQVVKEKVR,1,1.553037736
RPVYIPQPRPPHPRL,0,
FLSLIPHAINAVSALANHG,1,1.209481916
RLARIVVIRVAG,1,1.679569197
GLLKNIKTLL,0,
IKSIASKVANTVQKLKRKAKNAV,1,1.698970004
VARGWKRKCPLFGKGG,0,
FRFRCRRRFCRFRF,1,0.602059991
FFGWLIKGAIHAGKAIHGLIHRRRH,1,0.832508913
KRRWPWWPWRLI,1,0.351608296
VRWRIRVAVIRA,1,0.60305924
SIGSAFKKAAHVGKHVGKAALTHYLN,1,1.373834736
AGYLLGKINLKALAALAKKIL,1,1.015634326
QRPYTQPLIYYPPPPTPPRIYRA,1,2.301029996
KKLLKWLLKLL,1,1.403613144
GLLALISWIKRKRQQ,0,
KIAGKIAKIAGKIAKIAGKIAKIA,1,0.828269196
KAKRRARNLNQKKRK,0,
DAHGLLKRIKTLL,0,
GLWNSIKIAGKKLFVNVLDKIRSKVAGGS,0,
SLSRFLRFLKIVYRRAF,0,
FLPILASLAATLGPKLLCLITKKC,0,
FIKRIARLLRKIF,1,1.525352362
GVIIDTLKGAAKTVAAELLRKAHCKLTNSC,0,
KSKEKIGKEFKRIVQRIKDFLRNLVPRTES,0,
VCYCRRRFCVCVGR,0,
APKGVQGPNG,1,1.138098757
IKFEPPLPPKKAH,1,1.328534061
FWGAVWKILSKVLPHIPGTVKWLQEKV,1,0.849485002
FVQWFSKFLGRIL,1,1.367423111
GWFDVVKHIASAV,0,
KISKKIMRTFLRR,1,2.183677614
AVLSWLPKEEQIGKWSTRGRKWWRRKK,1,1.944242795
GIPCGESCVWIPCISAALGCSCKNKVCYRN,0,
LSIRRLLAAGVLKQTKGVGA,1,1.114444122
FVPWFSKFLGRIL,1,1.480554574
IIGLVSKGTCVLVKTVCKKVLKQG,0,
GIRDVLKGAAKAFVKTVAGHIAN,0,
FPVTWPTKWWEG,0,
FIKELLPHLSGIIDSVANAIK,0,
KIAKVALKALKIAKGALKAL,1,0.627636253
GLVTSLIKGAGKLLGGLFGSVTG,1,0.176091259
KWKWKWKWKW,1,0.795880017
ALWKNMLKGIGKLAGQAALGAVKTLVGAES,1,0.724037821
KKKKKKALFALWLAFAA,1,1.505149978
FFPMLADLVSKIF,0,
FWHHIFRGIVHVGKTIHRLVTG,1,0.602059991
GIMDTVKNAAKDLAGQLDKLKCRITGC,0,
GCKFTVKPYLKRFQVYYKGRMWCG,0,
GLGSLVGNALRIGAKLL,0,
FFSLLPSLIGGLVSAIK,1,1.753959738
IFGAIWSGIKSLF,0,
NQHGQVVKIFHH,1,3.77815125
ALWMTLLKKVLKAAAKAALKAVLVGANA,0,
RKVAPALIKSFVFLFKFKKG,0,
GLLKKWLKKWKEFKRIVGY,1,1.422188844
SMLSVLKNLGKVGLGFVA,0,
LCAAHCLAIGRR,0,
SGRGKQGGKVRAKAKTRSS,0,
KWKLFKKIKFLHSAKKF,1,0.247077297
FLGKVFKKASKVFPAVFGKV,0,
GFFDRIKALTKNVTLELLNTITGKLGVTGG,0,
GLTRLFSVIK,1,0.848713139
FFPVIGRILNGIL,1,1.681241237
PRLKVYLPRYKVYSTAAGRYQLLSRYW,1,2.176091259
GIWGTLAKIGIKAVPRVISMLKKKQ,0,
GFKRIVQAIKDFLRNLV,0,
VTLASHLPSDFTPAVHASLDKFLANVS,0,
GLLKFIKWLL,1,2.408239965
FLGALFKALSKLV,0,
KVLKAAAKAALNAVLVGANA,0,
LRILRRLLRRLF,0,
IWSFLIKAATKLLGVGSLFGGGKKDS,1,1.977814309
ALWKTLLKKVLKAAAK,1,0.845938076
FLPWFSKFLGRIL,1,1.681241237
GLRRALLRLLRSLRRLLLRA,0,
TRSRWRRFIRGAGRFARRYGWRIA,1,-0.007536011
GLFDVIKKVASKIGGL,0,
GKPRPYSPRPSSHPRPIRV,0,
CTRPNYNKRKRIHIG,0,
GLLGLLGSVVSHVVPAIVGHF,1,2.0
KILRGVSKKIMRTFLRR,1,1.784445316
FPVTWPTKWRKG,0,
RRWQWRLCYCRRRFCVCVG,1,0.798079443
RLRRIVVIRVFR,1,0.903089987
LKLKSIVSWAKKVL,1,0.845960036
RRRFFFFFRRR,0,
AANCLSLGKA,1,1.477121255
RWRRLLKKLHHLLH,1,0.622891267
FLGGLIKWPWWPWRR,1,1.194172338
FKCARWQWRMKKLGA,0,
GLFAVIKKVASV,1,2.317796274
AAFRGCWTKNYSPKPCL,0,
IKLSPETKKNLKKVLKGAIKGAIAVAKMV,1,1.397940009
GNGNLLGGLLRPVLGVVKGLTGGLGKK,0,
GFGSVLGKALKFGANLL,0,
WKRRIKIWKKIR,1,2.374792188
LLIILKKKWKKQAKAKSK,1,0.903089987
GILSGLLGVGKMLVCGLSGLC,1,0.77815125
RRWPLLPWKWPLI,0,
KWKLFKKIPKFLHLA,1,0.795880017
LSAVGKIASKVVPSVIGAFK,0,
RLARIVKIRVAR,1,1.333972801
PRPPHPPRPPHPPRPPHPPRPPHPRL,1,0.602059991
AKKKGKCKGPLKLVAKC,1,2.0
GKLFKKILKFL,1,1.078725324
ILGTILGPLKGL,0,
LRFIKKILKKLI,0,
GFMKYIGPLIPHAVKAISKLI,0,
FRRFFKWFRRPFKFF,1,0.806179974
AIGSILGALAKGLPTLKSWIKNR,1,1.397940009
KWCRCVCRRGICRCRCRG,1,0.672097858
GWKSVFRKAKKVGKTVGGLALDHYL,1,0.833209137
FLPLLASLFSRLF,0,
KLALKLALKAWKAALKLA,1,1.017033339
SMLAVLKNLGKVGLGFVACKINKQC,0,
FIGGIISFFKRLF,0,
ILPWKWPWWP,0,
FLPAIVGAAAKFLPKIFCAISKKC,0,
SFHVFPPWMCKSLKKC,0,
RAGLQFPVGRVHRLLRK,0,
GVVDILKGAAKDIAGHLAAKVMNKL,1,2.0
GSKKPVPIIYCNRRTKCQRM,1,0.707486674
GILNTIKSIASKLKRKAK,1,1.698970004
FLTGLIGGLMKALGK,1,2.176091259
NGVQPKYKWWKWWKKWWW,0,
GIWTCRKKRA,0,
FLPLAGRVLSGIL,0,
KKVWFIFHVCPKLKQRIL,0,
RRFPFFPFKFPLI,0,
KVQNQHGQVVKIFHH,1,3.77815125
IKKWWSKIKKLLK,1,0.495544338
AGKKTIRQYLKNKIKKKWRKAVIAW,1,1.0
LLIILRRRIRKQAHAHSK,1,0.903089987
FLYIVAKLLSGLL,1,2.709269961
VCWRIRVAVIRA,1,1.647278206
GFLDVIKHVGKAALGVVTHLINQ,0,
FEVLPNFKHIQVKVFNHGEHIHHH,1,1.113943352
GTKRGKLCRISRLAL,0,
MVVFSVPKFKSTVAKLLSSA,0,
INSLKLGKKILGAL,0,
FAHHIFRGIVHVGKTIHRLVTG,1,0.688068561
GLLDLAKHVIGIASKL,0,
VQRWLIVWRIRK,1,1.06047326
IKLSPKTKKNLKKVLKGAIKGAIAVAKMV,1,0.795880017
GFMDTAKNVAKNMAVTLLDNLKCKITKAC,1,0.301029996
KWKSFIKKLTSAAKKVVTTAKPLISS,1,5.95e-05
GFKDLLKGAKKALVKTVLF,0,
RCRFCCRCCPRMRGCGICCRF,0,
EKCLRWQWRMRKVGG,0,
GLPALISWSKRKRQQ,0,
GEFKRIVQRIKDFLRNLV,0,
LLRRLLRRLLRR,0,
RQKDKRPYSERKNQYTGPQFLYPPERIPP,0,
MLTAEEKAAVTAF,0,
EMLKKKKEVKMERKT,0,
KWKSFIKKLTTAVKKVLTTGLPALIS,1,0.0
KLAGLAKKLAGLAKKLAGLAK,1,1.799380529
RWCVYSYVRVRGVLVRYRRCW,1,0.795880017
RWRWRWFSGGFIKHFIHRF,1,1.377573919
GGHGGHGGHGGHGGHGGH,0,
AAHCLLKRKR,1,1.176091259
GFWGKLWKPVKKAI,0,
FLGLLFHGVHHVGKWIHGLIHGHH,1,0.8633516
RFRRLRWWTRKRLKKI,0,
GILDTLKQFAKGVGKWLVKGAAQ,1,1.711505885
GNNRPVYIPQPRPPHPRPIRV,0,
SIITMTKEAKLGQLWKQIACRLYNTC,0,
FFPLLFGALSSHLPKLF,1,0.230001584
FKCRRWQWRMKKLGA,0,
FLKALWNVAKSVF,1,-0.107905397
KQLKKVSAVAKVAMKKGAALLKKMGVK,0,
GMASKLAKVLPHVVKLIK,1,2.0
KRIVQRIKDFLR,1,0.602059991
VRRFPYYYPFLRR,0,
RWKRWWRRKK,1,1.698970004
GVAKFGKAAAHFGKGWIKEMLNS,1,1.880813592
GVLDILKGAAKDLAGHVATKVI,0,
INWKKGKEVLKAL,0,
FFHHIFRPIVHVPKTIHRLVTG,1,1.204119983
KKWRKSFFKQVGSFDNSV,1,1.472555181
IGKKFKRIVKRIKKWLRKL,1,0.602059991
LKKLLKWLLKLLK,1,2.086930939
GFMGDTLKGIARNAALALMNAAQCKLSGKC,1,1.076386331
FIGGIISFIKKLF,0,
GMWSKILGHLI,1,2.0
VQLRCRVCVIRK,1,1.638016177
KWFKRLEKLFSKI,1,0.193124598
LRIIKKILKKLI,0,
RRIIRKIIHIIK,1,0.037602277
RCYARRRFAVCR,1,-0.414099259
AIRCLAKRRK,1,0.875061263
SMLSVLKNLGKVGLGFVACKINKQC,1,1.301029996
GLLSSLSSVAKHVLPHVVPVIAEHL,0,
KKFFLKVLTKIRCKVAGGCRT,0,
GLPRKILAAIAKKKGKCKGPLKLVAKC,1,2.0
IDWKKIFEKVKDLV,0,
KGRGKQGGKVRAKAK,0,
CVHWGTNTARTACIAP,0,
IGKKWKRIVKRIKKFLRKL,1,0.602059991
LQLLKQLLKLLKQFSGGFIKHFIHRF,1,1.006308958
HNSSKQWSHWLWHNGIRI,0,
FLPIIASVAANVFSKIFCAISKKC,0,
RKKRLKLLKRLV,0,
KRIRKRIKKWLR,1,0.602059991
SVIGCWTFSIPPRPCFVK,0,
VIGSILGALASGLPTLISWIKNR,0,
GLFDVIKASVIGGL,1,2.867707064
VVGRVASKVVPSLIGLFTTK,0,
GIGAVLGVLTTGLPALISWIKRKRQQ,0,
RRRVVVVVRRR,0,
WWKRWKKLRRIFLML,0,
RIIRKIIHIIK,1,0.551969232
KKKKKKALFALWLAFLA,1,1.204119983
GLMDVFKGAAKNLLASALDKIRCKVTKC,1,0.477121255
INWKKIASIGKEV,0,
MWITNGGVANWYFVLAR,0,
RHRHRHRHRHRH,0,
INWSKIFEKVKNLV,0,
FFPIVGKLLS,1,1.289511249
KKSCHTGLKKSAGWVIPIGTLVKNGIIVR,0,
LRKFRNKIKEKLKKIGQKIQG,1,0.963787827
GIGAVLKVLALISWIKRKR,1,1.051152522
GFARIVQRIKDFLRNLV,0,
WWKWWKRLRRLFLLV,0,
KKLAKALKLLALLWLKLAKALKKA,0,
GRFRRLRKKTRKRLKKIGKV,1,0.477121255
SILPTIVSFLTKFL,0,
KLLGPLLKIAAKVGSNLL,0,
RSITRPVLVRRRWRVRPVF,1,1.86599281
AIHKLAHKLLPKTLRAVKKLAN,1,1.311753861
INWSSIFESVSNLV,0,
KIGKAIKWGKAIKIGKAI,1,1.52210255
KFKSFIKKLTSKFLHSAKKF,1,0.71418311
RRIPRPILLPWRPPRPIPRPQPQPIPRWL,1,0.798288594
HQFRFRFRVRRK,1,1.505149978
GLLDIVKKVVGAFGSL,0,
ASVVNKLTGGVAGLLK,1,1.075257499
SMLSVLKNLGRVGLGFVACKINKQC,0,
RRARIVVIRVAR,1,0.757730296
ALWDTLLKKVLKAAAKAALDAVLVGANA,1,0.644297715
LIKHILHRLGGGFHFHLHF,1,2.040064081
GLFDIWKKWRWRR,1,1.229036436
AIGHCLGATL,1,0.621996323
FFAAIFRPIVHVGKTIHRLVTG,1,1.204119983
FLKGCWTKWYSLKPKCPF,0,
FPVTWPTKWWKS,0,
KKWRWWLKALAKK,1,0.511486154
GVVDILKGAAKDIAGHLASKVMNKL,1,1.951544994
GVVDILKGLAKDIAGHLASKVMNKL,1,2.0
FKCRRWQWRAKKLGA,0,
KKAAACAAAAACAAWAACAAAKKKK,0,
ILILILILKRK,0,
INWKALLDAAKKVL,1,1.536770166
LLGSLLKLLPKLL,1,2.0
ILAWKWAWWPWRR,1,2.0
KWKSFIKKLTSKFLHSKKKF,1,0.697223678
RKKRVKLLKRLV,0,
LSPAAMASLA,0,
TLVGVVAKLVATKIGSSPRA,0,
KWKSFIKKLTLKFLHSKKKF,1,1.29479452
KFHEKHHSHRGY,0,
NFLGTLINLAKKIM,0,
FLPFVGKLLSGLL,0,
INLKAIAAMAKKLL,0,
LKWLKKLLKKL,1,0.753601541
KWKKLLKKPLKLLKKLL,1,0.602059991
AAGWGLRRLLKYGKRS,1,1.001362608
FKCRRWQWAMKKLGA,0,
GSKKPVPIIYANRRTGKAQRM,0,
GMWKKILGKLIR,1,1.115607324
KWKSFIKKLTSKFLHSAKKN,1,0.412081288
LGAWLAGKVAGTVATYAWNRYV,1,1.397940009
RIGSILGALAKGLPTLKSWIKNR,1,1.096910013
GIGAVLKVLTTGLCALISWIKRKRQQ,1,2.096910013
FLPAVIRVAANVLPTVFCAISKKC,0,
VGKVLKQLKKVSAVAKVAMKKGAALLK,0,
GLFGKLIKKFLRKAISYAVKKARGKH,0,
FLKVVFKLASKVFGAVFGKV,0,
CYCRRRFCVC,0,
LLRHVVKILEKYL,1,1.567773451
FLIGMTQGLICLITRKC,1,1.718872485
GIHDALKYGKPS,1,1.0
GVVDILKGAAKDILGHLASKVMNKL,1,1.698970004
FLPAVLRVAAKVVPTVFCLISKKC,0,
GFGSFLGKALKAALKIGANVLGGAPQQ,0,
RRWQWRMKKL,0,
FLPAIVGAAGQFLPKIFCAISKKC,0,
RWCRYAYVRVRGVLVRYRRCW,1,1.096910013
PKLLKTFLSKWKKIG,0,
LKLKSIVSWAKAVL,0,
GGYKNFYGSALRKGFYEGEAGRAIRR,1,1.358849896
WFKKIPKFLHLAKKF,1,0.193124598
KWKLFKKIGIGAVLKVLTTGLPALKLTK,1,-0.073583695
GLLSVLGSVVKHVIPHVVPVIAEHL,0,
GLGSLLGKAFKFGLKTVGKMMAGAPREQ,0,
KKTWWKTWWTKWKK,1,0.602059991
ECRRLWYKGRWVTYCRGR,0,
GLVDVLGKVGGLIKKLLP,0,
DDALKHLLKHLLKHL,1,1.698970004
GFMKYIGPLIPHAVKAISDLI,1,1.397940009
RWCGYAYVRVRGVLVRYRRCW,1,0.795880017
GVVDILKGAAKDIAGHASKVMNKL,1,2.0
GKKYRRFWKFKGKWFWFWG,1,0.782662474
GIHDILKAGKPS,1,1.698970004
KKLKLALAKLAPLWKALALKLKKA,1,0.227886705
VDRGWGNGCGLFGKGG,1,2.0
SILSGNFGVGKKIVCGLSGLC,0,
IWSFLIKAATKLLPSLFGG,1,2.09384704
GSKKPVPIIYCNRRTAKCQRM,0,
FIPGLRRLFATVVPTVVCAINKLPPG,0,
AARRAARRAARR,0,
WLNALLHHGLNCAKG,0,
KWKLFKKIPKFLHL,1,0.795880017
FLPILASLAAKFGPKLFCLVTKKC,1,1.0
KRRLFLFRLFRLFLRLFLKK,0,
KWKLKKHIGIGKHFLSAKKF,1,0.602059991
FLKGIVGMLGKLF,1,0.77815125
GKVLDKFGKIVGKVLKQLKKVSAVAKV,0,
ILGKIWEGIKSLF,1,0.75811585
GMATKAGTALGKVAKAVIGAAL,0,
GLFKGKKKNKKTK,0,
FFHHIFRAIVHVGKTIHRLVTG,1,0.602059991
DSMGAVKLAKLLIDKMKCEVTKAC,1,1.361727836
LKKLLKKLLKW,1,0.452571546
STLHLVLRLRAG,0,
GILDTLKQFAKGVGKDLVKGAAQGVLSTV,1,0.933391029
RWRLLLLKRH,0,
VKRFKKFFRKLKKSVK,1,1.189681124
LQKYYWRVRGGRWAVLS,1,2.147017057
LRPAILVRTK,0,
GIFSTVFKAGKGIVCGLTGLC,0,
FLPIIGKLLSGLL,1,1.079984659
RIIDLLWRVRRPQKPKFVTVAVR,1,0.494850022
KCRRYCYRQRCVTYCRGR,1,-0.602059991
FFHHIFRGIVHVGKTIHKLVTGT,1,0.397940009
ILPWKWRWWKWRR,1,0.755874856
ITIPPIVKDTLKKFFKGGIAGVMGKSQ,1,1.602059991
INWLKLGKKIISAL,0,
RVVRQWPIGRVVRRVVRRVVRF,0,
PFKIDIHLGGY,0,
YPELQQDLIARLL,0,
NKKAGLFVVQFPKKY,0,
GLLSGILGAGKHIVCGLSGLR,0,
RGKRWWRRKK,1,2.0
WGIRRILKYGKRS,1,0.602059991
HFLKTLVNLAKKIL,1,1.204119983
KILRGVAKKIMRTFLRRISKDILTGKK,0,
GKWMKLLKHILK,1,1.035388231
KWCRCVCRRGICRCRCRK,1,0.672097858
RRLCRIVWVIRVCRR,1,0.755955851
FFHHIKRGIVHVGKTIHRLVTG,1,0.731072846
FLPFLAGLFGKIF,0,
GLLDALSGILGL,0,
GKFLHSAGKFGKAFLGEVMIG,0,
VCNEIGLLKSLCKKFVKGHLGE,0,
AIPWSIWWRLLFKG,1,1.799313336
IRWRIRVWVRRI,1,0.128960768
AANIPFKVHFRCKSIFC,0,
FLPFLLSALPKVFCFFSKKC,1,1.505149978
CWTVSIPPRPC,0,
FFHHVFRGIVHVGKTIHRLVTG,1,1.079181246
IRVKIRVKIRVK,1,1.617491607
FWGFLGKLAMKAVPSLIGGNKK,1,0.698970004
IFHHIFKGIVHVGKTIHRLVTG,0,
FIHHIIGGLFSVGKHIHGLIHGH,1,1.544068044
ALWKNMLKGIGKLAGQAALGAVKTLVGA,1,0.55425261
FLPAIVGAAGKFLPKIFCAISKKC,0,
FPVTWPTKWLKG,0,
SGTSEKERESGRLLGVVKRLIVCFRSPFP,1,1.380211242
FLPIVGKLLSGLL,0,
LLPIVGNLLKSLLGWKRKRFG,1,0.903089987
RRCPIVVIRVCR,1,1.036841854
RRWCFRVCYRGRFCYRKCR,1,-0.517839156
KKLIKKILKIL,1,0.669481554
LPVLFKLASKVFPAVFSSLK,0,
RWCVYAYVRSRGVLVRYRRCW,1,1.096910013
AAAKAALNAVLVGANA,0,
RKRLRKFRNKIKEKLKKIGQKI,1,-0.063204516
GLFLDTLKKFAKAGMEAVTNPK,0,
GKFMSLLKHILK,1,1.477121255
GGHRAGLQFPVGRVHRLLRK,0,
GVVPVVSVVGKVV,1,2.0
YWKKWKKLRRIFMLV,0,
KWKSFIKKLTSAAKKVVTTAKPLALIS,1,0.206227494
ALSILKGLEKLAKMGIALTNCKATKKC,0,
PRPPHPPRPPHPPRPPHPRL,1,1.204119983
LRFLKKALKKLF,0,
IKKILSKIKKLLK,1,0.795880017
VKDLAKFIAKTVAKQGGCYL,0,
GLISGILGVGKKLVCGLSGLC,0,
GLNALKKVFQGFHEAIKLINNHVQ,0,
VLPLLETCSMTCWENNQTFGK,1,1.617123365
IVPFLLGMVPKLVCLITKKC,0,
KRKILILIKRKRK,0,
FLGALWKVAKSVF,1,-0.408935393
KLAKLAKKLAKLAK,0,
GWGSFFKKAAAVGKAVGKAALTAYL,1,0.803937155
GLMSVLGHAVGNVLGGLFKPKS,0,
TRSSRAGLQWAVGRVHRLLRK,0,
VDKPPYLPRPKPPRRIYNNR,0,
ILPWKWPWLPLRR,0,
FVRWFSKFLGRIL,1,1.229696244
HIQKEDVPSERYLGYLEQLLRLKKYK,0,
INLKAIAALAKKLLG,0,
GMWKKILGHLIR,1,1.208153794
GLNTLKKVIQGLHEVIKLVNNHA,1,1.698970004
FLFSLIPSAISGLISAF,0,
GFMDTAKNVAKNVAVTLLDKLKCKITGGC,0,
ILGTILGLLKSL,1,2.176091259
FLPGLIKAAVGIGSTIFCKISKKC,0,
RVCSWIPLPICH,0,
LRRIIRKIIHIIK,1,0.007171221
KKWWKAKKFANSGPNALQTLAQ,1,1.42209594
PVVDTTGNNPLQQQEEYYV,0,
GKWLSLLKHILK,1,1.50310462
RLKKHLKKIK,0,
KAYSMPRCKGGFRAVMCWL,1,1.254357432
KWKSFIKKLTSAAKKVLTTGLPALIS,1,0.220841889
IWSAIWSGIKGLL,1,0.848246867
QKKIRARLSA,1,1.737842396
GWMSKIASGIGTFLSGMQQ,1,2.0
VNWKKVLKKIIKVAK,1,1.278753601
WKSYVRRWRS,1,2.0
KKKKWKLFKKIGIGKFL,1,0.193124598
AWLDKLKSLGKVVG,1,2.230448921
GIHKILKYGKPS,1,1.301029996
VNFKLLSHSLL,0,
IKLSKETKDNLKKVLKGAIKGAIAVAKMV,1,1.397940009
RLCRIVPVIRVCR,1,1.45617723
AKKFGKAFVKIL,1,1.374910993
AWKKTIRQYLKNEIKKKWRKAVIAW,0,
KKIMRTFLRRISKDILTGKK,1,1.721065094
MMRVMRRKTKVIWEKKDFIGLYSID,1,0.599314193
ASVVKTTIKASKKLCKGATLTCGCNITGKK,0,
FLGVVVKLASKVFPAVFGKV,0,
GIGGALLSAGKAALKGLAKVLV,0,
GIHDILKYGKAS,1,1.477121255
WPVVIRTVVAGYNLYRAIKKK,0,
PEEMNKYLTALRHYINLVTRQRY,0,
PYSLKNGENWLLSEEIIRYP,0,
LLPIVGNLLKSLL,1,2.556302501
LRKFRNKIKEKLKKIGQKI,1,0.977723605
GMATKAGTAFGKAAKAIIGAAL,1,2.10720997
RWCSYAYVRVRGVLVRYRRCW,1,1.397940009
FLGVVFKLASKVFPAVVGKV,0,
SAVWRWRRFWLRKRK,1,0.193124598
FLFKLIPKAIKGLVKAIRK,0,
GVFDIIKGAGKQLIAHAMGKIAEKV,1,1.918826527
LLIILRRRWRKQAKAKSK,1,0.903089987
IKKIVSKIKKVLK,1,0.795880017
RLKKWMQKVIDRFGG,0,
GLLKRIKLLL,0,
VLPLVGNLLNDLLGK,1,1.801918983
KWKSFLKKLTSAAKKVLTTALKPISS,1,0.243690873
RPAWRKAAFRVMRACV,1,0.319134001
AGLQFPVGRIGRLLRK,1,0.997720192
RKCLRWQWRMRKYGG,0,
KIAGKIAAIAGKIAKIAGAIAKIAGKIA,1,1.386010582
FLSLLPSIVSGAVSLAKKLG,0,
WKKILSKIKKLLK,1,0.495544338
CLLKKLLKKLLKKC,1,1.873600887
SRVPLKSPVKIVGSKVMIFA,0,
GIMDTVKNAAKDLAGQLLDKLKCRITGC,0,
FLKGIVGMLGKLW,1,0.77815125
FLSTIWNGIKSLL,0,
NALSMPRNKCNRALMCFG,1,0.744573863
FGLPMLSILPKALCILLKRKC,0,
FLPIIAGMAAKVICAITKKC,0,
GKWMSFLKHILK,1,1.340439588
ILPLKLPLLPWRR,0,
KKLKLALAKLALLWKALALKLKKA,1,0.348304863
FSVTWRWWKWWKG,0,
RAGLQFPVGKLLKKLLKRLKR,0,
WKKWWKKWWK,1,1.595192983
KIAHGVKKYGPTVLRIIRIAG,1,0.941043788
FLKALFKALSKLL,0,
GVFDIIKDAGKQLVAHAMGKIAEKV,0,
NYISFFRKCKNSQST,0,
ALWKTMLKKLGTMALHAGK,0,
IISTIGDLVKWIIKTV,0,
FLGVVFKLASKVFGAVFKKV,0,
WRRWWRRWWRWWRRWWRR,1,0.903089987
AAHCIQLGKR,1,1.477121255
GLLKVIKVLL,0,
GILDTVKGVAKDVAAHLLNMVKCKITGC,0,
FLGKVFKLASKVFPKVFGKV,0,
GLKKIFKAGLGSLKKGIAAHVAS,0,
ILSAIWSGIKGLL,0,
GIPCGESCVFIPCITGAIGCSCKSKVCYRN,1,0.355058683
RLKLLLLRLK,0,
KWKKLLKKLLKLLKKLLKKLKKLLK,1,1.204119983
IGKKFKRIVQRIKKFLRKL,1,0.903089987
ALWKNMLKGI,0,
RRWWWRWRRW,0,
FLPMLAGLAANFLPKIICKITKKC,0,
RRLFRRILRYL,1,0.25938375
IIGLVSKGTCVLVKTVCKKVLKQ,0,
FFPIVGKLLSGLL,1,0.514400854
VKWRWKKWRWKWKWKV,0,
AKAWGIPPHVIPQIVPVRIRPLGGNV,0,
PPRLPRPRPRPLPFPRPG,0,
SKVGRHGRRFGHRAHRKL,1,2.0
KKTWWKTWWTKWSQPKK,1,0.602059991
VSAVAKVAMKKGAALLKKMGVKISPLK,0,
FLPFVGNLLKGLL,0,
GIGKFIHSAKKFGKLFVGEIMNS,1,1.880813592
ALWKNMLKGIGK,0,
FSEAIKKIIDFLG,1,2.237759456
KKCRNKKMEVSR,1,1.600084197
FHFHLHFPSGSPFIKHFIHRF,1,2.278021023
INWKKIKSIIKAAMN,0,
GIHDILKYGKKS,1,1.301029996
KIAGKIAKIAKKIAK,1,2.209296448
KWRQWQSKWRRTNPWFWIRR,1,1.042403681
INWKKIASIGKEVLKA,0,
GVVTDLLKTAGKLLGNLFGSLSG,1,0.491361694
GAKYAKIIYNYLKKIANALW,1,1.737662004
RLGRLVSLHTLG,0,
KKKKKKAAFAAFAAFAA,1,1.204119983
GLLSKVLGVGKKVLCGVSGLC,1,1.694582145
FLKKAKKFGKAF,1,1.656110692
CGGYCGGWHRLRCTSYRCG,0,
GFWGKLWEGVKSAI,1,1.801941773
LAHQKPFIRKSYKCLHKRCR,1,0.451544994
DCTRWIIGINGRICRD,0,
GLFGVLAKVAAKVVPAIAEHF,1,1.505149978
GLFGVLAKVAAHVVPAIAE,1,1.806179974
KLLAKAALKWLLKALKAA,1,1.093421685
GMASKAGSVLGKITKIALGAL,0,
FLGGVFKLASKVFPAVFGKV,0,
FAKKLAKKLKKLAKKLAK,1,0.633138381
KKWRKLLKWLAKK,1,-0.029605772
VNWKKILGKIIKVAK,1,1.158362492
FLPIVTNLLSGLLGK,0,
GVVTDLLKTAGKLLGNLVGSLSG,1,2.0
KKKKKKAAFAAWAAFDA,1,0.903089987
ILGKLLKTAAKLLSNL,1,0.903089987
GEKLKKIGQKIKNFFQKL,1,1.08804563
INWSSIFESVKNLV,0,
IYYPPNHNFP,1,2.307392923
GIIKKIIKKIIKKI,0,
RVKRVWKLVIRLVKALYKLYRAIKKK,0,
KFASKGLGKDLAKLGVDLVACKISKQC,0,
LIGSLVRGILPLF,1,2.262811552
GLLKRIKWLL,0,
GLLTRIKTLL,0,
KWCVYAYVKVKGVLVKYKKCW,0,
GKLSSLWKKLKKIIAK,1,1.055631257
FKRLKKLFKKIWNWK,1,0.225772497
GEYCGESCYLIPCFTPGCYCVSRQCVNKN,0,
LNWGALLKHLLK,1,1.602059991
ILPWKWPWAPARR,1,1.377525556
GIWKTIKSMGKVFAGKIKQNL,0,
LNWGAIKKHIIK,1,2.0
FIGPVLKMATSILPTAICKGFKKC,1,0.480530571
RFRRLRKKTRKRLKKI,1,2.408239965
ILGPVISKIGGVLGGLLKNL,0,
FKKFWKWFRRFGGGFIKHFIHRF,1,1.609256208
GWGSFFKKAAHVGKHVGKAALTHYL,1,1.016406007
FLPLAVSLAANFLPKLFCKITKKC,0,
FFPIGVFCKIFKTC,0,
YQWQRRMRKL,0,
FVQWFSRFLGRIL,1,1.530726239
RGGRLYRRRFVVGR,1,0.903089987
GVVDILKAAAKDIAGHLASKVMNKL,1,2.0
GLLRKWGKKWKEFLRRVWK,1,1.104602008
GLPRKILCAIAKKKGKCKGPLKLVCKC,1,1.58804563
KAACAAHCLWR,1,2.21130941
FLPLLFGAISHLL,0,
FLPLIASVAANLVPKIFCKITKKC,0,
GVLSVIKNALPGIMRF,0,
GIGKFLKKAKKFGKAFVKILKK,1,0.602059991
ALPLIGRVLSGIL,0,
IIGAIAAALPHVINAIKNTF,0,
RRWPLKPWKKPLI,0,
FLPIVGKLLSGLSGLS,1,0.096782612
GKWMSLLKKILK,1,1.143003561
FWGALAKGALKLIPSLVSSFTKKD,0,
WKKIASIGKEVLKAL,0,
GLFSKFAGKGIKNFLNKGVKHIGKE,0,
IWLTALKFLGKNLGKHLAKQQLAKL,0,
NGNLLGGLLRPVLGVVKGLTGGLGKK,0,
RWKIFKKIEKMGGSYCNRRTGKCQRM,0,
ILPILGNLLNGLL,0,
LAAKLTKAATKLTAALTKLAAALT,1,2.06069784
FLPILAGLAAKIVPKLFCLATKKC,0,
PVVFSVASKVVPSLISALKR,0,
GLVGTLLGHIGKAILS,1,2.397940009
LIAGLAANFLPKLFCKITK,0,
DNTDSVVKIQSWFRMATARKSYL,0,
GVVDILKGAAKDIAGHLASKVM,0,
FLKLLKKLAAKFL,0,
IKHQGLPQED,0,
GIMDTVKNVAKNLAGQLLDKLKCKITAC,0,
PRPRCRRRFCRPRP,1,2.10720997
LGRKIAHGVKKYGPTVLRII,1,0.954732388
TLISWIKNKRKQRPRVSRRRRRRGGRRRR,1,1.819705706
ILGKLLKTAAGLLSNL,1,1.806179974
GLPVCGETCTLGTCYTQGCTCSWPICKRN,1,2.204119983
GEILANLATGLINTLENLLTTKGADKVK,0,
ILAWKWAWWAWRR,1,2.0
FLPLFLPKIICVITKKC,0,
GLLSGVLGVGKKIVCGLSGLC,1,0.477121255
LRFLKKILKKLF,0,
LLPWKWPWWKWRR,1,1.207423111
KLKKLLKKLLKL,1,1.633208149
RIVQRIKKWLLKWKKLGY,1,1.53417465
QKKARVRLSA,1,1.743078576
FLPGLIAGIAKML,0,
LGVVGSLASKVVPAVISKVK,0,
KNLRRIIRKIIHIIKKYG,1,0.333472016
FKCRAWQWRMKKLGA,0,
GLLSGILGAGKHIVCGLTGCAKA,0,
ECYCRRRFCVCVGR,0,
NIWKKIFEKVKNLV,0,
IWLTALKFLGKHAAKHLAKQQLSKL,1,1.397940009
GKWMTLLKHILK,1,1.581491186
GRPNPVNNKPTSHPRPIRV,0,
KWKLFKKIFKRIVQRIKDFLRN,0,
AIHKLAHKTLKKTLRAVKKLAN,1,1.096910013
LNWGAFLKHFFK,1,1.885643045
GRFRRLRKKTRKRLKKIGKVLKKI,0,
VIDDLKKVAKKVRRELLCKKHHKKLN,0,
GILSGILGMGKKLVCGLSGLC,0,
KFGKAFVKILKK,1,1.055887685
GFCRCLCRRGVCRCICTR,1,0.716003344
LALERRSGWLRLFGLKPRRKH,0,
RVCMAIPLPLCH,1,1.041392685
KLKHVGLHVGKLK,1,1.748188027
RLGTALPALLKTLLAGLNG,0,
SIITMTKEAKLPQSWKQIACRLYNTC,0,
YRWWRWARRW,1,1.72427587
RPKHPIKHQGLPQEVLNENLLRF,0,
RGVRPVVQGVKEKVR,1,1.573938057
GLLKKIKKLL,1,1.45331834
LLIRAAKKFIKK,0,
GLLKRIKTAL,0,
TISQAEWFKARRWQWRMKKLGA,0,
GLPWILLRWLFFRG,1,2.301029996
YQEPVLGPVRGPFPI,0,
FFHHIFRGIVHVGKTAHRLVTG,1,1.079181246
GRLQAFLAKMKEIAAQTL,1,0.801896852
KWKLFKKIPLAKKF,1,1.096910013
AQKIISTIGKLVKWIIKTVNKFTKK,0,
GRRRRSVQWCA,1,1.963890729
GLKEIFKAGLGSLVKGIAAHVAS,1,1.397940009
EVEPSDTIENVKAKIQ,0,
RLLRRLLRRLLRRLLRRLLR,1,1.447158031
SWIKKDKFPSSTGPYNPNPPPPRF,0,
LLPIVGALLKSLL,0,
RPKPQQFFGLM,1,1.089977574
KRRLILRILRLAIRALVKKR,0,
RQRVEELSKFSKKGAAARRRK,1,1.407911381
GMASKAGAIAGKIAKVAWKALGGA,0,
VTLASHLPSDFTPAVHASLDKFLANVSTVL,0,
FKVTWKTKWWKG,0,
RCVCRRGVCRCVCRRGVC,0,
VIPIVSGLLSSLL,0,
AWKVFKRLGIGAVLWVLTWG,0,
KRGKQGGKVRAKAKTRSS,0,
LNLKGLFKKVASLLT,1,1.477121255
IGKKFKRIVKRIKKFLRKL,1,0.903089987
GLKKLLGKLLKKLGKLLLK,0,
SALVGCWTKSYPPNPCFGRG,0,
SALVGCWTKSWPPKPCFGRG,0,
GCRFTVKPYIKRIQLHYKGKMWCG,0,
QRKIRVRLSA,1,0.513401185
ATHCLFLKKR,1,1.176091259
LRKAKKIAKKLF,0,
NLVSGLIEARKYLEQLHRKLKNCKV,1,1.447158031
RWGKWFKKATHVGKHVGKAALTAYL,1,0.148136892
GLEETVYIYGANMAS,0,
FLPLLLSALPSFLCLVFKKC,1,1.643452676
KLPKWIIKTVNKFTKK,0,
GLLARIKTLL,0,
KGWGSFFKKAAHVGKHVGKAALTHYL,1,0.901423607
GIMSSLMKKLAAHIAK,1,1.631782373
ILGPVLGLDGNALGGLIKKI,0,
GMASKAGAIAGKIAKVAWKALGGS,0,
GVVDILAGAAKDIAGHLASKVMNKL,1,2.0
IGKKFKRIVQRIKKFLRNL,1,0.903089987
AILTTLANWARKFL,0,
SVKKFWGGVKAIFKGARKGLK,1,0.073064018
LLRRVARLLKRFAK,1,0.060432404
GLLSFLPKVIGVIGHLIHPPS,0,
FHFHLHFPYPFIKHFIHRF,1,1.687316854
RIKRFWPVVIRTVVAGYNLYRAIKKK,1,0.469822016
FLPFIAGMAANFLPKIFCAISKKC,0,
AKCLRWQWAMRKVGG,0,
GKPKPYSPRPTSHPRPIRV,0,
GIMDTIKNAAKDVVQSLLNKASCKLAKTC,0,
FIKHFIHRFSATRWRWRWF,1,1.368051898
LRKLKKILKKLF,0,
AKRRLLKKMK,0,
GNNRPVYIPQPRPPHPL,0,
GIMSSLMKKLAAHIKK,1,1.512242834
FLGAVFKALSKLL,0,
LLRRLLRRLLRRLLRR,0,
FFHHIARGIVHVGKTIHRLVTG,1,0.731072846
GLFAVIKKVAAVIKKL,0,
GVVVRVGRVVVRGVRR,0,
ASPTVFRSSVFLSLFVVAKK,0,
WKWWKKWWKK,1,1.0
FLPILAGLAANILPKVFCSITKKC,1,1.397940009
FLPMLAGLAASMVPKFVCLITKKC,0,
ILGAVWNGVKSLF,0,
YKLLKLLLPKLKGLLFKL,1,0.447370572
FFPTIAGLTKLFCAITKKC,0,
SPEEARVKILTAIPEMREEDLSEE,0,
ACHAHCQSVGRRGGYCGNFRMTCYCY,0,
GHGHGHGHGH,0,
CNGKRVCVCR,1,1.643055406
RRRYIGRYVRFWK,0,
RIRFPWPWRWPWWPPFRG,1,1.698970004
MPLSWFFPRTWGKR,0,
FLGGLIKIVPAMICAVTKKC,1,1.708639386
GLLSGTSVRGSI,0,
LNWGKILKHIIK,1,1.320141315
RWCVYARVRGVRYRRCW,1,0.698970004
GVIAAAKKVVNVLKNLF,0,
GKLFKKILKIL,1,0.982726996
KIAGKIAKIAGKIAKIAGK,1,2.134225249
FLGWLFKVASK,1,1.887539083
WKLLSKAQEKFGKNKSR,0,
KKCPIVVIRVCK,1,1.664470924
FLGVVFKLASKVFPAVFKKV,0,
KKKKKKALFAAWAAFLA,1,1.806179974
FLGVVFKLASKVFGKVFGKV,0,
KKLAGLAKKWAGLAKKLAGLA,1,0.874382876
GCRRWCYKQRCVTYCRGR,0,
GLLGPLLKIAKKVGSNLL,0,
RWCVYAYVRVRGSLVRYRRCW,1,0.193124598
KAKKFGKAFVKI,1,1.671136386
RIRWILRYWRWS,1,0.752574989
DKGRYLEAPTRPRPERNRK,1,1.301029996
RVCYAIPLPIC,0,
ALWMTLLKKVLKAAAKALNAVLVGANA,0,
ISGPVLGLVGNALGGLIKKI,0,
KFWKLLKKALRLWAKVL,1,0.87335508
GVVVRIGRVIVRGVRR,0,
SLFGTFAKMALKGASKLIPHLLPSRQQ,1,0.765363119
TRKRLKKIGKVLKWI,0,
HTCHIRRRPKFRKFKLYHEGKFWCPG,1,1.096910013
IIGPVLGMVGSALGGLLKKI,0,
KYYGNGVHCTKSGCSVNWGEAFSAGVHRLA,0,
KLLKRIKTLL,0,
PQPRPPHPRL,1,1.806179974
AINPKSVQSLL,0,
KRIGLIRLIGKILRGLRRLG,1,1.444091257
NLLGSLLKTGLKVGSNLL,1,2.23642332
FLFSLIPSVIAGLVSAIRN,0,
GIMSSLMKKLKKHIAK,1,1.018314447
FLGGLIKWKWPWWPWRR,1,1.130719379
GLVSSIGRALGGLLADVVKSKEQPA,0,
GVVDALKGAAKDIAGHLASKVMNKL,1,2.0
KRRKLAFRLFRLFLKLVLKK,0,
LAKRRVLTLLRQLRRVSPSS,0,
AIPWIWIWWLLRKG,1,0.77815125
LLGMIPVAISAISALSKL,1,2.0
FCTMIPIPRCY,0,
KWICRRLWYRGRWITYCRWR,0,
KRIVQRIKDWLR,1,0.903089987
GLWDSIKIAGKKLFVNVLDKIRCKVAGGC,0,
RSTEDIIKSISGGGFLNAMNA,1,1.675837176
LVKRFKKFFRKLKKS,1,1.214344255
GRILSFIKGLAEHL,0,
RGLRALGRKIAHGVKAYG,1,0.715959246
FLPIVGRLISGLL,0,
ILGKILEGIKSLF,1,1.204119983
ALWKKLLKKLLKSAKKLG,1,0.875061263
KRKILILIKR,0,
FLSTIWNGIKGLL,0,
FLSMIPHIVSGVAALAKHL,1,2.0
SGIQPEQHSS,1,2.0
DTFDYKKFGYRYDSLELEGR,0,
GLFDIVKKVVGAFGSL,0,
FFPLVLGALGSILPKVFGK,0,
FLGGLFKLVPSVICAVTKKC,0,
FLGALFKLASK,1,2.223856676
GILDTLKQFAKGVGKDLVKGAAQGVL,1,1.279495615
GLGKFLHSAKRFGKAFVGEAMNS,1,1.875061263
RRRLCPIVIRVCRR,1,0.949749503
KKAAAWAAAAAWAAWAAWAAAKKKK,0,
GIHDILKYGKPS,1,1.477121255
GLFDIVKKVVGAAGSL,1,1.910240036
KHKHKHKHKH,0,
VDKPPYLPRPHPPRRIYNNR,0,
ILGPVLSMVGSALGGLIKKI,0,
FLPLLAGLAANFLPTIICKIARKC,0,
GLGSVFGRLARILGRVIPKV,1,0.702403323
RLKLLLLLRLK,0,
IKIPAFVKDTLKKVAKGVISAVAGALTQ,1,1.301029996
HFKGTLVNLAKKIL,0,
AKRHHGYKRKFH,1,1.194936513
ILGKLLSTAAGLLKNL,1,2.10720997
PKVVGLSIVVVKAKVSSALG,0,
GIGAVLLVLTTGLPALISWIKRKRQQ,0,
LILKRKRKRKRILI,0,
FLPILGNLLSGLL,0,
FLSMIPKIAGGIASLVKNL,0,
VQLRIRVCVIRR,1,1.175400409
GIGKFLHSAKKFAKAFVAEIMNS,1,1.301908088
GIGKFIHAAKKFGKLFIGEIMNS,1,1.278753601
GLLDFVTGVGKDIFAQLIKQI,0,
RRRRRRWFWFWF,0,
FLPLLAGLAAKWF,0,
WKKIWSKIKKLLK,1,0.795880017
GCKKYRRFRWKFKGKFWFW,1,1.532601413
RWCVYARVRGVRYRRCR,1,0.795880017
FIGPVLKIAAGILPTAICKIFKKC,0,
FLPLLLAGLPKLLCLFFKKC,0,
VAIYGRDDRSDVCRQVQHNWLVCDTY,0,
KQIKIWFQNKKMKWKK,0,
ILGKLLSTAAGLLSKL,1,2.10720997
IKRFWPVVIRTVVAGYNLYRAIKKK,0,
WLGSALKIGAKLLPSVVGLFKKKKQ,0,
IDPFVAGVAAEMMQHVYCAASKKC,1,0.698970004
IPAMEPAARVKRSPGYGGCSPRWACGGYG,0,
ALWDTLLKKVLKAAAKAALNAVLVGANA,0,
RRRPRPPYLPRPRPPPFFPPRLPPRI,1,0.491361694
GLFDIVKKVVGALGSL,1,1.898781083
ALSILRGLEKLAKMGIALTNCKATKKC,0,
SADQTGMNKAALSPIRFISKSV,0,
KWKSFLRTFKSPVRTVFHTALKPISS,1,0.718028216
AKKVFKRLEKLFSKIQN,0,
GFWSSALEGLKKFAKGGLEALTNPK,0,
EPILGIITSLLKSL,0,
GMLKRIKTLL,0,
GVFRRLRKVTRKVLKKIGKVLKWI,0,
SRWPSPGRPRPFPGRPKPIFRPR,1,1.096910013
SFPFFPPGICKRLKRC,0,
FLGVVFKSASKVFPAVFGKV,0,
GKWMSLLKQILK,1,1.698970004
RWWRWWRRWWRWWR,1,1.72427587
GWASKIGTQLGKMAKVGLKEFVQS,0,
KLVKWIIKTVNKFTKK,0,
KKKKKKAAFALWLAFAA,1,1.204119983
KKAAARAAAAARAAWAARAAAKKKK,0,
FFGHLFRGIINVGKHIHGLLSG,1,1.698970004
LRIIRRILRRLI,0,
KWKKKKKKPKFL,1,0.494154594
NILSSIVNGINRALSFFG,0,
GMWSKILGPLIR,1,2.0
INWLKLGKKMMSAL,0,
GIMDSVKNVAKNIAGQLLDKLKCKITGC,0,
KWKLFKKIGPGKFLHSAKKF,1,-0.107905397
KKAAAAFAAFAAWFAAFAAAAKKKK,1,0.903089987
GILGKLWEGVKSIF,1,1.378646958
GILKKFMLHRGTKVYKMRTLSKRSH,0,
FASGIAGMAGKLF,1,2.301029996
NGVQPWYKWWKWWKKWW,0,
AARCLSQRRK,1,1.477121255
VIAFAKTKEAKAKLKGQAKG,0,
GWASKIGQTLGKMAKVGLQELIQPK,0,
IKHQGLPQEE,0,
GKPRPYPPRPPPHPRPIRV,0,
LGYLEQLLRL,0,
KWLNALLHHGLNCAKGVLA,0,
SMLSVLKNLGKVGLGFVACKINKKC,0,
INWKKIASIGKEVLKAI,0,
KRRKLIKILKLIAKLIRKKR,0,
GLWQKIKNAAGDLASGIVEGIKS,0,
FQWQRNMRKV,0,
KKFGGGKTERARKAMAVE,0,
ATAVDFGPHGLLPIRPIRIRPLCGKDKS,0,
SWKSMAKKLKEYMEKLKQRA,1,1.602059991
FLPIVGKLLSGLF,0,
ALWMTLLKKVLK,0,
RGLRRLGRKIAHGVKKYGPTVLRIIRIAG,1,-0.744727495
KWKLFKKIRGGRLCYCRRRFCVCV,1,1.025175724
GASCGETCFTGICFTAGCSCNPWPTCTRN,0,
SMLSVLKNLKKVKLKFVACKINKQC,0,
KWKLFKKVLKVLTTG,1,0.301029996
GWKKWLRKGAKHLGQAAIK,1,0.199271055
FLSLIPKIAGGIAALAKHL,0,
AKKVFKRLEKLFSKIYNYK,1,0.305085742
KKKLLLLLKKK,0,
ALWMTLLKKVLKAAAKAALNAVLVGANA,0,
GLNALKKVFQGIHEAIKLINNHVK,0,
WLRRIGKGVKIIGGAALDHL,1,1.386731282
DLWNSIKDMAAAAGRAALNAVTGMVNQ,0,
KWCFRVCYRGICYRKCR,1,0.552697687
KWFKKIPKFLHLLKKF,1,0.494850022
VDKGSYLPRPTPTPRYRPIYNRN,1,1.301029996
GANALKKYFTILKKFFKLAW,1,0.826103265
AAHCLAMRRK,1,1.477121255
DGRGKQGGKVRAKAKTRSS,0,
HLNKRVQRELIGWLDWLK,1,1.698970004
GLFGVLAKVASHVVPAIAEHFQA,0,
AWRWKAFRNCWRVRSSSL,1,1.44263273
RKKKAKIIKKII,0,
PRPRPRPLPFPRPG,0,
ILGKAWEGAKSLF,0,
WLRAFRRLVRRLARLLRR,0,
GLLSLLSLLGKLL,1,2.079181246
ILPWKWPWWPW,0,
AIPWSIWWHLLFKG,1,2.301029996
GLIGSIGKALGGLLVDVLKPKL,0,
GIGKFLHSAKKFGKAFVGEIMNSGGC,0,
FLGGLIKRPPAMICAVRKKC,1,2.055160287
TKPTLLGLPLGAGPAAGPGKR,0,
GILSGILGVGKMLVCGLSGLC,1,0.698970004
GVVVRWGRVIVRGVRR,0,
GLLSVLGSVAKHVLAHVVAVIAEHL,0,
VFQFLGKIIHHVGNFVAGFSAVF,0,
GLVGTLLGHIGKAILG,1,2.397940009
FFHHIFRAIVHVPKTIHRLVTG,1,0.602059991
RWCVYAYRRVRGVLVRYRRCW,1,0.193124598
PTTKTYFPHF,0,
GFSSIFRGVAKFASKGLGKDLAKLGVDLVA,0,
WWRELLKKLAFTAAGHLGSVLAAKQSGW,0,
RRRRRRRRRRRRRRRWWW,1,1.72427587
RRWKIVVIRWRR,1,0.27088409
IRKLKSWKWLRWL,1,1.832508913
FLPILINLIHKGLL,0,
LKHGLLKRIKTLL,0,
RLARRVVIRVAR,1,1.636857496
GLTFLKKILNFAKKIYTAIW,1,1.130603562
KLLKWWKKLL,1,0.903089987
FLSGLIGGLAKMLGK,0,
FLQHIIGALTHIF,1,2.017033339
AKKVFKRLEKLFSKIQNWK,1,0.30547822
PHVALKPGKLKFIIPSPKRPVKLLSG,1,1.451544994
FFGSTIGALANFLPSLISKIRN,0,
ALYKKFKKKLLKSLKRLG,0,
KAKAKAVSRSARAGLQFPVGRIHRHLK,0,
FKRLKKLISWIKRKRQQ,1,0.150514998
KRRKLIKILKLIIKLIRKKR,0,
VKRWKKFWRKWKKWW,0,
RGGLCYCRGRFCVCVGR,1,0.322096282
AIHDILKYGKPS,1,1.0
GIGKFLHSAGKFGKAFLGEVMKS,0,
KRFGRLAKSFLRMRILLPRRKILLAS,1,0.199695969
FLGALFKVASKV,1,2.193966252
GIMSSLMKKLKAHIAK,1,1.543535603
PRPLPFPRPGPRPI,0,
RKRKSDVDFEAEFELFEDDD,0,
STIGKLPKWIIKTVNKFTKK,0,
KKLFKKALKFL,1,1.65974529
RRLFRRILRWL,1,0.291687088
GFRDVLKGAAKAFVKTVAGHIAN,1,1.150514998
ILPWKWPWWPLRR,0,
SAVGKLASKVFPAVFSMVTK,0,
AWASFFKKAAHVAKHVAKAALTHYL,1,0.160013996
GIRDILKYGKPS,1,1.301029996
ILENLLARSTNEDREGSIF,0,
RQIKIWFQNRRLKWKK,0,
GLFDVIKKVASVIG,1,2.549178352
FFCFKGTPCG,0,
GLWNSIKIAGKKLFVNVLDKIRCKVAGGC,0,
GLADVIKKVASVIGGL,0,
GIKDWIKGAAKKLIKTVASNIANQ,1,1.113943352
FKCRRWQWRMKKAGA,0,
FLPLLAGLAANFLPTIICKISYKC,1,1.671367436
APKAMRLLRRLLRLQKKGI,0,
GIGGKPVQTAFVDNDGIYD,0,
MGIIAGIIKVIKSLIEQFTGK,0,
WKSDVRRWRSRY,1,2.0
GWFKKAWRKVKNAGRRVLKGVGIHYGVGLI,1,0.372242456
AKCLRWQWAMRKYGG,0,
GLMDTVKNVAKNLAGHMLDKLKCKITGC,0,
VRLRIRVRVIRK,1,0.294983175
VDKPPYLPRPRPPRAIYNR,0,
RERSKGSKYLYVG,1,2.209647972
LRHKVYGYCVLGP,0,
TRSSRAGLQFPVGRVHRLLRK,0,
GLWSTIKNVGKEAAIAAGKAVLGSL,0,
KLAGLKAKWAGLKAKLAGLKA,1,2.078502859
PAVFKIASKVVPSVYCKVSR,0,
GSKKPVPIIYCQRRTAKCQRM,0,
AEVAPAPAAAAPAKAPKKKAAAKPKKAGPS,0,
AKKVFKRLGIGKFLHSAKKF,0,
FPVTWRTKWWKG,0,
PWKWPWWPWRR,0,
GLPVCGETCVGGTCNTPGCTCSWPVCTRN,0,
RPRCWIKIKFRCKSLKF,1,0.988906471
GIMSSLMKKLKKIIKK,1,0.923446772
GLRKALRKFRNKIKEALKKI,1,0.301029996
GLWNSIKIAGKNLFVNVLDKIRCKVAGGC,0,
LLKLLKWLLKLLK,1,2.090932238
FKIKPGKVLDKFGKIVGKVLKQLKKVS,0,
GILGTVFKAGKGIVCGLTGLC,0,
GLNALKKVFQGIHEAIKKINNHVQ,1,0.301029996
DAAVEPELYHWGKVWLPN,0,
GLLKRIKSLL,0,
ANVGFVIQLQARLRGFLVRQKFA,0,
KIWFQNRRMKWKK,0,
FLPAVLRVAAQVVPTVFCAISKKC,0,
GLFDVIKKVAAVIGGL,0,
DAACAAKCLWR,1,2.219169616
GLASFLGKALKAGLKIGSHLLGGAPQQ,0,
INFLKLGKKILGAL,0,
GIHDILKYGKRS,1,1.301029996
KWKLFKKIGAVLKVL,1,0.451544994
GLFDIVKKLVSDF,0,
WLNALLHHGLNCA,0,
RFRRLFRIRVRVLKKI,1,0.75257499
DAACAAHCLWR,1,2.215956226
WKLFKKIPKFLHLAKKF,1,0.193124598
IPWGKVKDFLVGGMKAV,0,
GLPICGETCFKTKCYTKGCSCSYPVCKRN,0,
GIGSALAKAAKLVAGIV,0,
KLLKKLLKWLK,1,0.452571546
FLGAIAAALPHVINAVTNAL,0,
ITIPPIVKNTLKKFIKGAVSALMS,1,1.0
GLRSKIWLWVLLMIWQESNKFKKM,0,
AKKVFKRLRKLFKKI,0,
IPWKLPATFRPVERPFSKPFCRKD,1,1.447158031
KIAKVALKALKIAKVALKAL,1,0.77815125
FLSLIPHAINAVSAIAKHN,1,0.660757078
FLGAIAGVAAKFLPKVFCFITKKC,0,
ILKWKWPWWKWRR,1,0.705669705
FWGALAKGALKLIPSLFSSFSKKD,1,1.568164067
RPVRPVYIPQPRPPHPRL,0,
MAIVGTIIKIIKAIIDIFAK,0,
KRIVKLIKKWLR,1,0.602059991
KWKSFIKNLTKGGSKILTTGLPALIS,1,0.93152711
VVKCSYRQGSPDSR,0,
KIAGKIAAIAGKIAKIAGKIAKIA,1,1.440892447
ILPLLLGKVVCAITKKC,0,
QGSPARCRFCCRCCPRMRGCGICCRF,0,
GIGGKILSGLKTALKGAAKELASTYLH,0,
LLKKLLKKLLKL,1,1.329700268
ILGPVLGLVGSALGGLI,0,
IDWKKVDWKKVSKKTCKVMLKACKFLG,1,0.505149978
ILPWKKPKLPWRR,0,
GIGAVVKVLTTGVPAVISWIKRKRQQ,1,1.079181246
KGIVGMLGKLF,1,1.397940009
GLLNVIKDTAQNLFAAALDKLKCKVTKCN,0,
ALLKLAPRLLAGIF,1,1.698970004
GFWGSLWEGVKSVV,1,1.809457006
AAHCLAIGRR,1,1.176091259
GVVAILKGAAKDIAGHLASKVMNKL,1,2.0
GWKKWFTKGERLSQRHFA,1,1.50822469
FHFHLHFPSPSPFIKHFIHRF,1,1.669410012
INLKAIAALAKKLF,1,1.488353566
RLCPRVRIRVCR,1,1.02030313
VKRFKKFFRKFKKSV,0,
KRLRKFRNKIKEKLKKIG,1,0.327084767
FLFSLIPHAIGGLISAFK,0,
GRPRPFPGRPKPIFRPR,1,1.698970004
FFSMIPHIATGIASLVKNL,0,
GMATAAGTTLGKLAKFVIGAV,0,
GLLSGILGAGKNIVCGLSGLC,0,
KIFGAIWPLALGALKNLIK,1,1.204119983
FLPLVLGALSGILPKIL,1,0.383728226
LLAGLAANFLPKIFCKITRKC,1,0.731252911
FLSLIPHIVSGVASIAKHF,1,2.0
QSHLSMCSVCCNCCKNYKGCGFCCRF,0,
FLPLLVGAISSILPKIF,0,
GLAKRIKTLL,0,
FWGKLWEGVKNAI,1,1.552746655
SGGYCGGWHRLRCTSYRSG,0,
KLFAVIKKVAAVIRRL,0,
GWKKWLRKGAKHLGQAAIKGLAS,1,0.121953926
RVKRVWPLVIRTVIAGYNLYRAI,0,
RFIYMKGFGKPRFGKR,1,1.0
GLLSRIKTLL,0,
GRPNPVNNKPTPHPRPIRV,0,
VKGSWSKKFEVIA,1,1.397940009
CVHWMTNTARTACIAP,0,
GIMSSLMKKLAAIIAK,1,1.066769454
KLLKLLLKLWLKLLKLLL,1,1.65698986
RLWRRWRRWRR,1,1.103776651
RWCVYRYVRVRGVLVRYRRCW,1,1.397940009
KFFKKLKNSVKKRAKKFFKKPRVIGVSIPF,1,0.340468731
FLFKLIPKVIKGLVKAIRK,0,
FLPGLECVSGLKIVPTVFCAITRIC,1,0.571816885
AWKETIRQYLKNKIKKKWRKAVIAW,0,
FLKKVFKLASKVFPAVFGKV,0,
FFSMIPKIAGGIASLVKNLG,0,
FRVTWRTKWWKG,0,
GFFDRIKALTKNVTLELLNTITGKLPVTPP,0,
GIHHILKYGKPS,1,1.505149978
GLFGKLIKKFGRKAISYAVKKARGKH,1,0.832415882
GFLSILKKVLPKVMAHMK,1,1.261222117
SMWSGMWRRKLKKLRNALKKKLKGE,1,0.610102891
GLFDIIKKVASVVGGL,0,
GFWGKLWEGVKNAIKKK,0,
KLAGKLAKWAGKLAKLAGKLA,1,0.874382876
LVKKLLKLAMGFG,1,2.0
KVFKRLEKLFSKIQNDK,0,
KWKLKPLLKKLLKKL,1,0.491361694
RRIRPRPPRLPRPRPRPL,0,
GCTYNVKPDIQGFELYFIGSVTCG,0,
ILPWKWPKKPWRR,1,1.348917341
KKVVFKFKFK,1,0.380659063
SKCYQWQWRMRKLGA,0,
FVDLKKIANIINSIFGK,0,
LGALFRVASKVFPAVISMVK,0,
GIGKFLHSAGKFGKAFVGEIMKS,1,-0.323669277
KWKLFKKIGIGKFLKKK,1,0.193124598
LLIILRRRWRRQARARSR,1,0.903089987
GAFGNLLKGVAKKAGLKILSIAQCKLSGTC,1,2.0
RGGRLCYCRGWICFCVGR,0,
GKWKSLLKHILK,1,1.532752512
RVRRFWPLVPVAINTVAAGINLYKAIRRK,1,0.896755503
LDVKKIICVACKIKPNPACKKICPK,1,2.0
TMSLRFWRWKVR,1,1.68484724
FLSFPTTKTYFPHF,0,
FLGGLIKIVPAMICAVTKK,1,1.754818667
KRFKKFFKKLKKFVKKGFKKFAKV,1,0.291934408
FLPFVGRIASKVVPSVIGKV,0,
KVGKGSYPCSFVKVVAKVSV,0,
GGLRSLGRKALRAWKKYGPIIVPIIRI,0,
